customer_id,segment,C1,C2,C3,C4,C5,G1,G2,G3,P1,P2,P3,P4,D1,D2,D3,A1,A2,A3,A4,A5,sar_last_12m,onboarded
NG-10252,Personal,Individual,Natural person,Employed or pension,No match,No match,United Kingdom,UK tax residence only,UK only,Current account with credit,Under 2k a month,"Enabled, unused",Sole party,"Digital, own app","Electronic, two sources",Comparison site,"Under 5k, consistent",No cash credits,None,Employer and retail,Consistent,No,2025-10-07
NG-10111,Personal,Sole trader or joint,Natural person,General trade,No match,No match,United Kingdom,UK tax residence only,UK only,"Current account, no overdraft",Under 2k a month,Not enabled,Sole party,Branch,Documents face to face,Comparison site,"5k to 25k, consistent",Up to 10 percent,Over 40 percent,Employer and retail,Consistent,No,2024-09-25
NG-10086,Personal,Individual,Natural person,Employed or pension,No match,No match,United Kingdom,UK tax residence only,UK only,"Current account, no overdraft",Under 2k a month,"Enabled, unused","Joint, related","Digital, own app","Electronic, two sources",Customer referral,"Under 5k, consistent",No cash credits,Up to 10 percent,Employer and retail,Consistent,No,2025-08-03
NG-10203,Personal,Individual,Natural person,Regulated profession,No match,No match,United Kingdom,UK tax residence only,Unlisted countries,Current account with credit,Under 2k a month,"Enabled, unused","Joint, related",Branch,"Electronic, two sources",Direct,"Under 5k, consistent",Up to 10 percent,None,Employer and retail,Consistent,No,2025-11-30
NG-10171,Personal,Individual,Natural person,Employed or pension,No match,No match,United Kingdom,UK tax residence only,UK only,"Current account, no overdraft",Under 2k a month,"Enabled, unused",Sole party,"Digital, own app",Documents face to face,Comparison site,"Under 5k, consistent",Up to 10 percent,None,Employer and retail,Consistent,No,2025-07-27
NG-10124,Personal,Individual,Natural person,Employed or pension,No match,No match,United Kingdom,UK tax residence only,UK only,Current account with credit,Withdrawal only,"Enabled, unused",Sole party,"Digital, own app","Electronic, two sources",Direct,"Under 5k, consistent",No cash credits,None,Employer and retail,Consistent,No,2024-10-29
NG-10062,Personal,Individual,Natural person,General trade,No match,No match,United Kingdom,UK tax residence only,UK only,Current account with credit,Under 2k a month,Occasional payments,Unexplained signatories,"Digital, assisted","Electronic, two sources",Comparison site,"Over 25k, consistent",Up to 10 percent,None,Employer and retail,Consistent,No,2025-08-24
NG-10104,Personal,Individual,Natural person,Employed or pension,No match,No match,United Kingdom,"Further tax residence, monitored",UK only,"Current account, no overdraft",Withdrawal only,Not enabled,Sole party,"Digital, own app","Electronic, two sources",Direct,"5k to 25k, consistent",No cash credits,None,Sector 4 counterparties,Consistent,No,2025-02-15
NG-10277,Personal,Sole trader or joint,Natural person,Regulated profession,No match,No match,United Kingdom,UK tax residence only,Unlisted countries,Current account with credit,Withdrawal only,Occasional payments,Sole party,"Digital, own app","Electronic, two sources",Customer referral,"Under 5k, consistent",No cash credits,Up to 10 percent,Many individuals,Consistent,No,2024-04-13
NG-10052,Personal,Individual,Natural person,Employed or pension,No match,No match,United Kingdom,UK tax residence only,"Weaker AML, unlisted",Current account with credit,Under 2k a month,"Enabled, unused",Sole party,"Digital, own app","Electronic, two sources",Direct,"Under 5k, consistent",Up to 10 percent,None,Employer and retail,Consistent,No,2024-08-24
NG-10107,Personal,Individual,Natural person,Employed or pension,No match,No match,United Kingdom,UK tax residence only,UK only,Current account with credit,Under 2k a month,Not enabled,Sole party,"Digital, own app","Electronic, two sources",Customer referral,"Under 5k, consistent",No cash credits,None,Employer and retail,Consistent,No,2024-11-08
NG-10190,Personal,Individual,Natural person,Employed or pension,No match,No match,United Kingdom,UK tax residence only,UK only,"Current account, no overdraft",Under 2k a month,Occasional payments,Sole party,"Digital, own app","Electronic, two sources",Comparison site,"Under 5k, consistent",Up to 10 percent,None,Employer and retail,Consistent,No,2025-03-18
NG-10205,Personal,Sole trader or joint,Natural person,Employed or pension,No match,No match,United Kingdom,UK tax residence only,UK only,Savings only,No cash facility,Occasional payments,Sole party,"Digital, own app",Documents face to face,Direct,"5k to 25k, consistent",No cash credits,None,Employer and retail,Consistent,No,2024-06-06
NG-10381,Limited company,"UK company, natural owners",Three to five UBOs,General trade,No match,No match,United Kingdom,UK tax residence only,Unlisted countries,"Business account, basic",Under 2k a month,Occasional payments,Sole party,"Digital, own app","Electronic, one source",Register checked,"5k to 25k, consistent",Up to 10 percent,None,Undescribed or sector 5,Consistent,No,2024-08-23
NG-10131,Personal,Individual,Natural person,Employed or pension,No match,"Adverse media, non-financial",United Kingdom,UK tax residence only,FATF increased monitoring,Current account with credit,Withdrawal only,"Enabled, unused",Sole party,"Digital, assisted",Certified copies,Customer referral,"5k to 25k, consistent",Up to 10 percent,None,Employer and retail,Resolved on follow-up,No,2024-12-31
NG-10395,Limited company,"UK company, natural owners",One or two UBOs,Regulated profession,No match,No match,United Kingdom,UK tax residence only,UK only,"Business account, cash and international",2k to 10k a month,"Enabled, unused","Mandate, evidenced",Branch,"Electronic, two sources",Direct,Above sector expectation,Up to 10 percent,10 to 40 percent,Many individuals,Consistent,No,2025-04-19
NG-10270,Personal,Sole trader or joint,Natural person,Regulated profession,No match,False positive,United Kingdom,UK tax residence only,UK only,"Current account, no overdraft",Under 2k a month,Not enabled,Sole party,"Digital, own app","Electronic, two sources",Direct,"5k to 25k, consistent",Up to 10 percent,Over 40 percent,Employer and retail,Consistent,No,2024-05-16
NG-10189,Personal,Individual,Natural person,"MSB, TCSP or HVD",Domestic PEP,No match,United Kingdom,UK tax residence only,UK only,"Current account, no overdraft",Under 2k a month,"Enabled, unused",Sole party,"Digital, own app","Electronic, two sources",Direct,"Under 5k, consistent",No cash credits,None,Employer and retail,Consistent,No,2025-08-20
NG-10372,Limited company,"UK company, natural owners","Two layers, evidenced",Regulated profession,No match,No match,United Kingdom,UK tax residence only,"Weaker AML, unlisted","Business account, cash and international",2k to 10k a month,Regular payments,"Mandate, evidenced","Digital, own app","Electronic, two sources",Customer referral,Above sector expectation,10 to 30 percent,"Over 40 percent, listed country",Many individuals,Consistent,No,2024-10-16
NG-10317,Sole trader,Sole trader or joint,Natural person,Employed or pension,PEP family or associate,No match,United Kingdom,UK tax residence only,UK only,"Business account, basic",Over 10k a month,Occasional payments,Sole party,Branch,"Electronic, one source",Comparison site,"Over 25k, consistent",10 to 30 percent,None,Many individuals,Consistent,No,2025-09-01
NG-10170,Personal,Individual,Natural person,Cash-intensive trade,No match,No match,United Kingdom,UK tax residence only,UK only,"Current account, no overdraft",Under 2k a month,Not enabled,"Joint, related","Digital, own app","Electronic, two sources",Comparison site,"5k to 25k, consistent",Up to 10 percent,Up to 10 percent,Employer and retail,"Minor, explained",No,2025-08-12
NG-10194,Personal,Sole trader or joint,Natural person,Employed or pension,No match,No match,United Kingdom,UK tax residence only,Unlisted countries,"Current account, no overdraft",Withdrawal only,Not enabled,Sole party,"Digital, own app","Electronic, two sources",Comparison site,Above sector expectation,Up to 10 percent,None,Employer and retail,Consistent,Yes,2025-11-05
NG-10060,Personal,Individual,Natural person,Employed or pension,No match,No match,United Kingdom,UK tax residence only,UK only,Current account with credit,Under 2k a month,Not enabled,Sole party,"Digital, own app","Electronic, two sources",Direct,"Under 5k, consistent",No cash credits,None,Named businesses,Consistent,No,2025-08-16
NG-10155,Personal,Individual,Natural person,Employed or pension,No match,No match,United Kingdom,UK tax residence only,UK only,Current account with credit,Withdrawal only,"Enabled, unused",Sole party,"Digital, own app",Documents face to face,Direct,"Under 5k, consistent",Up to 10 percent,None,Employer and retail,Consistent,No,2024-01-03
NG-10039,Personal,Sole trader or joint,Natural person,General trade,No match,False positive,United Kingdom,UK tax residence only,UK only,"Current account, no overdraft",No cash facility,"Enabled, unused","Joint, related","Digital, own app","Electronic, two sources",Customer referral,"Under 5k, consistent",10 to 30 percent,Up to 10 percent,Named businesses,Consistent,No,2025-12-15
NG-10053,Personal,Individual,Natural person,Employed or pension,No match,No match,United Kingdom,UK tax residence only,UK only,Current account with credit,Withdrawal only,"Enabled, unused",Sole party,"Digital, own app","Electronic, two sources",Direct,"5k to 25k, consistent",Up to 10 percent,Up to 10 percent,Employer and retail,Consistent,No,2024-09-21
NG-10371,Limited company,"UK company, natural owners",One or two UBOs,General trade,No match,No match,United Kingdom,UK tax residence only,UK only,"Business account, cash and international",Under 2k a month,Not enabled,Unexplained signatories,"Digital, assisted",Documents face to face,Direct,Above sector expectation,No cash credits,10 to 40 percent,Named businesses,Resolved on follow-up,No,2024-03-18
NG-10008,Personal,Individual,Natural person,Cash-intensive trade,No match,No match,United Kingdom,"Further tax residence, unlisted",UK only,"Current account, no overdraft",No cash facility,Occasional payments,"Joint, related","Digital, assisted","Electronic, two sources",Register checked,"Over 25k, consistent",No cash credits,None,Employer and retail,Consistent,No,2025-01-04
NG-10282,Personal,Individual,Natural person,Employed or pension,No match,No match,United Kingdom,UK tax residence only,UK only,"Current account, no overdraft",Withdrawal only,"Enabled, unused",Sole party,"Digital, assisted","Electronic, two sources",Direct,"Under 5k, consistent",10 to 30 percent,None,Employer and retail,Consistent,No,2024-02-10
NG-10172,Personal,Individual,Natural person,Employed or pension,No match,No match,United Kingdom,UK tax residence only,UK only,Savings only,Under 2k a month,Not enabled,Sole party,"Digital, own app","Electronic, two sources",Direct,"5k to 25k, consistent",Up to 10 percent,10 to 40 percent,Employer and retail,Consistent,No,2024-02-17
NG-10143,Personal,Individual,Natural person,Employed or pension,No match,No match,United Kingdom,UK tax residence only,UK only,"Current account, no overdraft",Under 2k a month,"Enabled, unused",Sole party,"Digital, own app","Electronic, two sources",Customer referral,"Under 5k, consistent",No cash credits,None,Employer and retail,Consistent,No,2024-03-11
NG-10391,Limited company,"UK company, natural owners",One or two UBOs,General trade,No match,No match,United Kingdom,UK tax residence only,UK only,"Business account, cash and international",Over 10k a month,Not enabled,"Mandate, evidenced",Telephone and branch,"Electronic, one source",Customer referral,"Over 25k, consistent",30 to 60 percent,Over 40 percent,Many individuals,Consistent,No,2025-03-09
NG-10400,Limited company,"UK company, corporate owner",One or two UBOs,Regulated profession,No match,No match,United Kingdom,"Further tax residence, unlisted",UK only,"Business account, cash and international",Over 10k a month,"Enabled, unused",Sole party,Unsupervised intermediary,Certified copies,Comparison site,"5k to 25k, consistent",30 to 60 percent,None,Sector 4 counterparties,Consistent,Yes,2025-04-29
NG-10365,Limited company,"Trust, nominee or overseas",One or two UBOs,General trade,No match,No match,United Kingdom,UK tax residence only,UK only,"Business account, basic",Withdrawal only,"Enabled, unused",Sole party,"Digital, assisted",Certified copies,Direct,"Under 5k, consistent",10 to 30 percent,Over 40 percent,Many individuals,Consistent,No,2025-01-04
NG-10149,Personal,Individual,Natural person,Employed or pension,No match,No match,United Kingdom,UK tax residence only,UK only,Savings only,Under 2k a month,Not enabled,Sole party,"Digital, own app","Electronic, one source",Direct,"5k to 25k, consistent",No cash credits,None,Named businesses,Consistent,No,2025-07-28
NG-10383,Limited company,"Trust, nominee or overseas",One or two UBOs,Regulated profession,No match,No match,United Kingdom,UK tax residence only,"Weaker AML, unlisted","Business account, basic",2k to 10k a month,Occasional payments,Power of attorney,"Digital, own app","Electronic, one source",Direct,"5k to 25k, consistent",Up to 10 percent,10 to 40 percent,Many individuals,Resolved on follow-up,No,2025-02-26
NG-10250,Personal,Individual,Natural person,Employed or pension,No match,No match,United Kingdom,UK tax residence only,Unlisted countries,Current account with credit,No cash facility,"Enabled, unused",Sole party,"Digital, assisted","Electronic, two sources",Direct,"Under 5k, consistent",Up to 10 percent,None,Employer and retail,Consistent,No,2024-03-17
NG-10121,Personal,Sole trader or joint,Natural person,General trade,No match,No match,United Kingdom,UK tax residence only,Unlisted countries,Current account with credit,Withdrawal only,"Enabled, unused",Sole party,"Digital, own app","Electronic, one source",Direct,"Under 5k, consistent",Up to 10 percent,Up to 10 percent,Employer and retail,Consistent,No,2025-12-10
NG-10369,Limited company,"UK company, natural owners",One or two UBOs,"MSB, TCSP or HVD",No match,No match,United Kingdom,UK tax residence only,UK only,"Business account, cash and international",Over 10k a month,Regular payments,"Joint, related",Unsupervised intermediary,"Electronic, two sources",Register checked,"Over 25k, consistent",No cash credits,None,Many individuals,Consistent,No,2025-08-28
NG-10338,Sole trader,Sole trader or joint,Natural person,General trade,No match,No match,United Kingdom,UK tax residence only,Unlisted countries,"Business account, basic",2k to 10k a month,Not enabled,"Joint, related","Digital, own app",Uncorroborated documents,Direct,"5k to 25k, consistent",10 to 30 percent,Up to 10 percent,Many individuals,Consistent,No,2024-04-02
NG-10313,Sole trader,Sole trader or joint,Natural person,General trade,No match,False positive,United Kingdom,UK tax residence only,UK only,"Business account, basic",Over 10k a month,"Enabled, unused",Sole party,"Digital, own app","Electronic, two sources",Direct,"5k to 25k, consistent",30 to 60 percent,10 to 40 percent,Many individuals,Consistent,No,2024-01-19
NG-10230,Personal,Sole trader or joint,Natural person,Employed or pension,No match,No match,United Kingdom,UK tax residence only,Unlisted countries,"Current account, no overdraft",Under 2k a month,"Enabled, unused","Mandate, evidenced","Digital, own app","Electronic, two sources",Direct,"Over 25k, consistent",Up to 10 percent,None,Employer and retail,Consistent,No,2025-07-18
NG-10091,Personal,Individual,Natural person,Regulated profession,No match,No match,United Kingdom,UK tax residence only,Unlisted countries,Current account with credit,No cash facility,"Enabled, unused",Sole party,"Digital, own app","Electronic, two sources",Direct,"Over 25k, consistent",No cash credits,None,Employer and retail,Consistent,No,2024-09-15
NG-10032,Personal,Individual,Natural person,Employed or pension,No match,No match,United Kingdom,UK tax residence only,UK only,Savings only,Under 2k a month,Not enabled,"Joint, related","Digital, assisted","Electronic, two sources",Direct,"Under 5k, consistent",No cash credits,None,Employer and retail,Consistent,No,2025-06-06
NG-10092,Personal,Individual,Natural person,Regulated profession,No match,No match,United Kingdom,UK tax residence only,UK only,Current account with credit,Withdrawal only,"Enabled, unused","Joint, related",Unsupervised intermediary,"Electronic, two sources",Comparison site,"Under 5k, consistent",10 to 30 percent,None,Named businesses,Consistent,No,2024-03-28
NG-10113,Personal,Sole trader or joint,Natural person,Employed or pension,No match,False positive,United Kingdom,UK tax residence only,UK only,Savings only,Under 2k a month,Not enabled,Sole party,"Digital, own app",Documents face to face,Direct,"Under 5k, consistent",Up to 10 percent,None,Employer and retail,Consistent,No,2024-10-26
NG-10044,Personal,Individual,Natural person,Employed or pension,No match,False positive,United Kingdom,UK tax residence only,UK only,"Current account, no overdraft",Withdrawal only,Not enabled,Sole party,"Digital, assisted","Electronic, two sources",Direct,"Under 5k, consistent",10 to 30 percent,None,Employer and retail,Consistent,No,2025-07-03
NG-10262,Personal,Sole trader or joint,Natural person,General trade,No match,No match,United Kingdom,UK tax residence only,UK only,"Current account, no overdraft",Withdrawal only,Payments to listed country,"Joint, related","Digital, assisted","Electronic, two sources",Comparison site,"Under 5k, consistent",30 to 60 percent,None,Employer and retail,Consistent,No,2024-04-08
NG-10221,Personal,Sole trader or joint,Natural person,General trade,No match,No match,United Kingdom,UK tax residence only,UK only,"Current account, no overdraft",No cash facility,Not enabled,Sole party,"Digital, assisted","Electronic, one source",Direct,"Under 5k, consistent",10 to 30 percent,None,Employer and retail,Consistent,No,2024-12-03
NG-10399,Limited company,"UK company, natural owners",Three to five UBOs,General trade,No match,No match,United Kingdom,UK tax residence only,UK only,"Business account, cash and international",Under 2k a month,Regular payments,Power of attorney,"Digital, assisted","Electronic, two sources",Comparison site,Above sector expectation,10 to 30 percent,10 to 40 percent,Many individuals,"Minor, explained",Yes,2024-11-01
NG-10243,Personal,Individual,Natural person,Employed or pension,No match,No match,United Kingdom,"Further tax residence, unlisted",UK only,"Current account, no overdraft",Under 2k a month,Regular payments,Sole party,"Digital, own app","Electronic, one source",Direct,"Under 5k, consistent",30 to 60 percent,None,Employer and retail,"Minor, explained",No,2025-12-13
NG-10022,Personal,Sole trader or joint,Natural person,General trade,No match,No match,United Kingdom,UK tax residence only,UK only,Current account with credit,Under 2k a month,Regular payments,Sole party,Telephone and branch,"Electronic, two sources",Direct,"Under 5k, consistent",10 to 30 percent,Up to 10 percent,Employer and retail,Consistent,No,2025-09-28
NG-10003,Personal,Individual,Natural person,Employed or pension,No match,No match,United Kingdom,UK tax residence only,UK only,Current account with credit,Withdrawal only,"Enabled, unused",Sole party,"Digital, own app","Electronic, one source",Direct,"5k to 25k, consistent",No cash credits,None,Many individuals,"Minor, explained",No,2025-06-17
NG-10002,Personal,Sole trader or joint,Natural person,Employed or pension,No match,No match,United Kingdom,UK tax residence only,UK only,"Current account, no overdraft",Under 2k a month,Occasional payments,Sole party,Branch,"Electronic, two sources",Direct,"Under 5k, consistent",Up to 10 percent,Up to 10 percent,Employer and retail,"Minor, explained",No,2024-08-09
NG-10231,Personal,Individual,Natural person,Regulated profession,No match,No match,United Kingdom,UK tax residence only,UK only,Current account with credit,Under 2k a month,"Enabled, unused",Sole party,"Digital, own app","Electronic, two sources",Comparison site,"Under 5k, consistent",Up to 10 percent,None,Employer and retail,Consistent,No,2024-09-20
NG-10380,Limited company,"UK company, natural owners",One or two UBOs,General trade,No match,No match,United Kingdom,UK tax residence only,Unlisted countries,"Business account, basic",Over 10k a month,"Enabled, unused",Sole party,"Digital, own app",Uncorroborated documents,Customer referral,"5k to 25k, consistent",30 to 60 percent,Over 40 percent,Named businesses,Resolved on follow-up,No,2025-10-04
NG-10196,Personal,Individual,Natural person,Employed or pension,No match,No match,United Kingdom,"Further tax residence, unlisted","Weaker AML, unlisted","Current account, no overdraft",Withdrawal only,Not enabled,Sole party,"Digital, own app","Electronic, two sources",Direct,"5k to 25k, consistent",No cash credits,10 to 40 percent,Sector 4 counterparties,Consistent,No,2025-04-23
NG-10304,Sole trader,Sole trader or joint,Natural person,Regulated profession,No match,No match,United Kingdom,UK tax residence only,Unlisted countries,"Business account, basic",Over 10k a month,Occasional payments,Sole party,"Digital, own app","Electronic, two sources",Register checked,"5k to 25k, consistent",10 to 30 percent,None,Many individuals,Consistent,No,2025-01-19
NG-10106,Personal,Individual,Natural person,General trade,No match,"Adverse media, financial crime",United Kingdom,UK tax residence only,Unlisted countries,Current account with credit,Withdrawal only,Occasional payments,Sole party,"Digital, own app","Electronic, two sources",Customer referral,"5k to 25k, consistent",10 to 30 percent,Up to 10 percent,Named businesses,Consistent,No,2025-09-30
NG-10114,Personal,Individual,Natural person,Employed or pension,No match,No match,United Kingdom,UK tax residence only,UK only,Current account with credit,Withdrawal only,Regular payments,Sole party,"Digital, own app","Electronic, two sources",Customer referral,"5k to 25k, consistent",No cash credits,None,Employer and retail,Consistent,No,2025-06-18
NG-10326,Sole trader,Sole trader or joint,Natural person,Cash-intensive trade,No match,No match,United Kingdom,UK tax residence only,UK only,"Business account, basic",Under 2k a month,Occasional payments,Sole party,Unsupervised intermediary,"Electronic, two sources",Comparison site,"5k to 25k, consistent",10 to 30 percent,10 to 40 percent,Employer and retail,Consistent,No,2024-03-25
NG-10010,Personal,Individual,Natural person,Employed or pension,No match,No match,United Kingdom,UK tax residence only,UK only,Current account with credit,Under 2k a month,"Enabled, unused",Sole party,"Digital, assisted","Electronic, two sources",Direct,"Under 5k, consistent",Up to 10 percent,Up to 10 percent,Employer and retail,Consistent,No,2024-10-23
NG-10324,Sole trader,Sole trader or joint,Natural person,General trade,No match,No match,United Kingdom,UK tax residence only,UK only,"Business account, basic",2k to 10k a month,Payments to listed country,Sole party,"Digital, own app","Electronic, two sources",Direct,"Over 25k, consistent",No cash credits,None,Many individuals,Consistent,No,2025-10-09
NG-10323,Sole trader,Sole trader or joint,Natural person,Cash-intensive trade,No match,No match,United Kingdom,UK tax residence only,"Weaker AML, unlisted","Business account, basic",Over 10k a month,Occasional payments,"Mandate, evidenced",Branch,Documents face to face,Comparison site,"Under 5k, consistent",Up to 10 percent,10 to 40 percent,Named businesses,Consistent,No,2025-10-27
NG-10178,Personal,Individual,Natural person,Employed or pension,No match,No match,United Kingdom,UK tax residence only,UK only,Current account with credit,Under 2k a month,"Enabled, unused","Joint, related","Digital, own app","Electronic, two sources",Direct,"Under 5k, consistent",Up to 10 percent,Up to 10 percent,Employer and retail,Consistent,No,2025-10-04
NG-10234,Personal,Individual,Natural person,General trade,No match,No match,United Kingdom,UK tax residence only,UK only,"Current account, no overdraft",Under 2k a month,"Enabled, unused","Joint, related","Digital, own app","Electronic, one source",Direct,"5k to 25k, consistent",Up to 10 percent,Up to 10 percent,Employer and retail,Consistent,No,2024-04-24
NG-10325,Sole trader,Sole trader or joint,Natural person,Regulated profession,No match,No match,United Kingdom,UK tax residence only,Unlisted countries,"Business account, cash and international",2k to 10k a month,Occasional payments,"Joint, related",Branch,"Electronic, one source",Direct,Above sector expectation,30 to 60 percent,None,Many individuals,Consistent,No,2025-09-24
NG-10184,Personal,Sole trader or joint,Natural person,General trade,No match,No match,United Kingdom,UK tax residence only,Unlisted countries,Current account with credit,Withdrawal only,Not enabled,Sole party,"Digital, own app","Electronic, two sources",Direct,"5k to 25k, consistent",No cash credits,None,Employer and retail,Consistent,No,2024-09-27
NG-10069,Personal,Individual,Natural person,General trade,Domestic PEP,No match,United Kingdom,UK tax residence only,UK only,Savings only,Under 2k a month,Not enabled,Sole party,"Digital, own app","Electronic, one source",Direct,"5k to 25k, consistent",Up to 10 percent,None,Employer and retail,Consistent,No,2025-11-29
NG-10016,Personal,Sole trader or joint,Natural person,Employed or pension,No match,No match,United Kingdom,UK tax residence only,UK only,Current account with credit,Under 2k a month,Occasional payments,Sole party,"Digital, own app","Electronic, two sources",Direct,"Over 25k, consistent",10 to 30 percent,Up to 10 percent,Named businesses,Consistent,No,2024-02-15
NG-10329,Sole trader,Sole trader or joint,Natural person,Regulated profession,No match,No match,United Kingdom,UK tax residence only,UK only,"Business account, basic",2k to 10k a month,Occasional payments,Power of attorney,"Digital, own app","Electronic, two sources",Direct,"5k to 25k, consistent",30 to 60 percent,Up to 10 percent,Named businesses,Unresolved,No,2024-12-17
NG-10204,Personal,Individual,Natural person,Employed or pension,No match,No match,United Kingdom,UK tax residence only,UK only,"Current account, no overdraft",No cash facility,"Enabled, unused","Joint, related","Digital, own app","Electronic, two sources",Direct,"Under 5k, consistent",30 to 60 percent,Up to 10 percent,Named businesses,Consistent,No,2024-06-16
NG-10307,Sole trader,Sole trader or joint,Natural person,General trade,No match,No match,United Kingdom,UK tax residence only,UK only,"Business account, basic",Over 10k a month,Occasional payments,Sole party,"Digital, own app","Electronic, one source",Direct,"5k to 25k, consistent",10 to 30 percent,None,Named businesses,Consistent,No,2025-05-11
NG-10239,Personal,Individual,Natural person,Employed or pension,No match,No match,United Kingdom,UK tax residence only,Unlisted countries,"Current account, no overdraft",Withdrawal only,Occasional payments,Sole party,"Digital, assisted","Electronic, two sources",Direct,"Under 5k, consistent",No cash credits,Up to 10 percent,Many individuals,Consistent,No,2025-11-04
NG-10298,Personal,Sole trader or joint,Natural person,General trade,No match,No match,United Kingdom,UK tax residence only,UK only,Current account with credit,Withdrawal only,Occasional payments,Sole party,"Digital, own app","Electronic, two sources",Comparison site,"Under 5k, consistent",Up to 10 percent,None,Named businesses,Consistent,No,2025-01-13
NG-10139,Personal,Individual,Natural person,Employed or pension,No match,No match,United Kingdom,UK tax residence only,Unlisted countries,Savings only,Withdrawal only,Not enabled,Sole party,"Digital, assisted","Electronic, two sources",Direct,"Under 5k, consistent",Up to 10 percent,None,Employer and retail,Consistent,No,2024-10-09
NG-10386,Limited company,"UK company, natural owners",Three to five UBOs,Regulated profession,No match,No match,United Kingdom,"Further tax residence, unlisted",Unlisted countries,"Business account, cash and international",Under 2k a month,Occasional payments,"Mandate, evidenced","Digital, own app","Electronic, two sources",Direct,"5k to 25k, consistent",No cash credits,Up to 10 percent,Many individuals,"Minor, explained",No,2025-11-01
NG-10378,Limited company,"UK company, corporate owner",Three to five UBOs,General trade,Foreign PEP,No match,United Kingdom,UK tax residence only,UK only,"Business account, basic",Over 10k a month,"Enabled, unused",Unexplained signatories,Telephone and branch,"Electronic, two sources",Direct,"Over 25k, consistent",10 to 30 percent,None,Named businesses,Consistent,No,2024-11-21
NG-10188,Personal,Individual,Natural person,Employed or pension,No match,No match,United Kingdom,UK tax residence only,UK only,"Current account, no overdraft",Under 2k a month,Occasional payments,"Joint, related","Digital, own app","Electronic, two sources",Customer referral,"Under 5k, consistent",Up to 10 percent,None,Undescribed or sector 5,Consistent,No,2025-01-23
NG-10279,Personal,Individual,Natural person,Employed or pension,No match,No match,United Kingdom,"Further tax residence, unlisted",UK only,Savings only,Withdrawal only,"Enabled, unused","Joint, related","Digital, assisted","Electronic, two sources",Direct,"Under 5k, consistent",Up to 10 percent,Over 40 percent,Undescribed or sector 5,Consistent,No,2025-07-18
NG-10096,Personal,Individual,Natural person,Employed or pension,No match,No match,United Kingdom,UK tax residence only,Unlisted countries,Savings only,Under 2k a month,"Enabled, unused",Sole party,"Digital, own app","Electronic, two sources",Direct,"5k to 25k, consistent",Up to 10 percent,None,Employer and retail,Consistent,No,2025-12-05
NG-10021,Personal,Sole trader or joint,Natural person,Employed or pension,No match,No match,United Kingdom,UK tax residence only,Unlisted countries,Savings only,Withdrawal only,"Enabled, unused","Mandate, evidenced","Digital, assisted","Electronic, two sources",Direct,"Under 5k, consistent",10 to 30 percent,None,Employer and retail,Unresolved,No,2025-02-16
NG-10068,Personal,Individual,Natural person,General trade,No match,No match,United Kingdom,"Further tax residence, unlisted",UK only,Savings only,Withdrawal only,Occasional payments,Sole party,"Digital, assisted","Electronic, one source",Direct,"Under 5k, consistent",Up to 10 percent,None,Employer and retail,Consistent,No,2024-09-12
NG-10336,Sole trader,Sole trader or joint,Natural person,General trade,No match,No match,United Kingdom,UK tax residence only,UK only,"Business account, basic",Under 2k a month,Not enabled,"Mandate, evidenced",Branch,"Electronic, two sources",Direct,"5k to 25k, consistent",30 to 60 percent,None,Many individuals,Consistent,No,2024-04-20
NG-10130,Personal,Individual,Natural person,Employed or pension,No match,No match,United Kingdom,UK tax residence only,UK only,"Current account, no overdraft",Withdrawal only,Not enabled,"Joint, related","Digital, assisted","Electronic, one source",Comparison site,"Under 5k, consistent",Up to 10 percent,None,Employer and retail,Consistent,No,2024-06-02
NG-10119,Personal,Individual,Natural person,General trade,No match,No match,United Kingdom,"Further tax residence, unlisted",UK only,"Current account, no overdraft",Under 2k a month,Occasional payments,Sole party,"Digital, own app",Uncorroborated documents,Direct,"5k to 25k, consistent",No cash credits,Up to 10 percent,Employer and retail,"Minor, explained",No,2024-03-13
NG-10237,Personal,Individual,Natural person,Employed or pension,No match,No match,United Kingdom,UK tax residence only,UK only,"Current account, no overdraft",Under 2k a month,"Enabled, unused",Sole party,"Digital, own app","Electronic, two sources",Direct,"Under 5k, consistent",10 to 30 percent,None,Named businesses,Consistent,No,2024-10-08
NG-10284,Personal,Individual,Natural person,Employed or pension,No match,No match,United Kingdom,UK tax residence only,UK only,"Current account, no overdraft",No cash facility,Regular payments,Sole party,"Digital, own app","Electronic, two sources",Direct,"Under 5k, consistent",Up to 10 percent,None,Employer and retail,Consistent,No,2025-12-11
NG-10272,Personal,Individual,Natural person,Employed or pension,No match,No match,United Kingdom,UK tax residence only,Unlisted countries,Current account with credit,Under 2k a month,Not enabled,Sole party,Branch,Documents face to face,Comparison site,"Under 5k, consistent",No cash credits,Up to 10 percent,Employer and retail,Consistent,No,2024-05-22
NG-10263,Personal,Sole trader or joint,Natural person,General trade,No match,No match,United Kingdom,UK tax residence only,UK only,Savings only,Withdrawal only,Not enabled,Sole party,"Digital, own app","Electronic, two sources",Direct,Above sector expectation,Up to 10 percent,None,Named businesses,Consistent,No,2025-09-18
NG-10061,Personal,Sole trader or joint,Natural person,Employed or pension,No match,No match,United Kingdom,UK tax residence only,UK only,"Current account, no overdraft",Withdrawal only,Not enabled,"Mandate, evidenced","Digital, own app","Electronic, one source",Comparison site,"5k to 25k, consistent",Up to 10 percent,None,Employer and retail,Consistent,No,2024-02-29
NG-10387,Limited company,"UK company, natural owners",Three to five UBOs,"MSB, TCSP or HVD",No match,No match,United Kingdom,UK tax residence only,UK only,"Business account, basic",Over 10k a month,Regular payments,Unexplained signatories,"Digital, assisted",Documents face to face,Register checked,"Over 25k, consistent",10 to 30 percent,None,Named businesses,Consistent,No,2024-02-01
NG-10055,Personal,Individual,Natural person,Employed or pension,No match,No match,United Kingdom,UK tax residence only,Unlisted countries,Current account with credit,Under 2k a month,"Enabled, unused",Sole party,"Digital, own app","Electronic, one source",Direct,"5k to 25k, consistent",No cash credits,None,Named businesses,Consistent,Yes,2024-12-16
NG-10035,Personal,Individual,Natural person,Regulated profession,No match,No match,United Kingdom,UK tax residence only,UK only,"Current account, no overdraft",Withdrawal only,"Enabled, unused",Sole party,"Digital, assisted",Documents face to face,Comparison site,"Under 5k, consistent",Up to 10 percent,Up to 10 percent,Employer and retail,Consistent,No,2024-01-24
NG-10001,Personal,Sole trader or joint,Natural person,Regulated profession,No match,False positive,United Kingdom,UK tax residence only,Unlisted countries,Current account with credit,Withdrawal only,"Enabled, unused",Sole party,"Digital, own app","Electronic, one source",Register not confirmed,"Under 5k, consistent",Up to 10 percent,Up to 10 percent,Employer and retail,Resolved on follow-up,No,2024-07-19
NG-10090,Personal,Individual,Natural person,Employed or pension,No match,No match,United Kingdom,UK tax residence only,UK only,Current account with credit,Under 2k a month,Not enabled,"Joint, related","Digital, own app","Electronic, two sources",Direct,"5k to 25k, consistent",No cash credits,None,Employer and retail,Consistent,No,2025-02-13
NG-10240,Personal,Individual,Natural person,Employed or pension,No match,No match,United Kingdom,UK tax residence only,UK only,"Current account, no overdraft",Withdrawal only,Occasional payments,Sole party,"Digital, own app","Electronic, two sources",Direct,"5k to 25k, consistent",No cash credits,None,Named businesses,Consistent,No,2024-05-21
NG-10300,Personal,Individual,Natural person,General trade,No match,No match,United Kingdom,UK tax residence only,UK only,"Current account, no overdraft",No cash facility,Occasional payments,"Joint, related","Digital, own app","Electronic, one source",Comparison site,"Under 5k, consistent",No cash credits,None,Many individuals,Consistent,No,2024-04-08
NG-10297,Personal,Individual,Natural person,Employed or pension,No match,"Adverse media, unproven",United Kingdom,UK tax residence only,UK only,Current account with credit,2k to 10k a month,"Enabled, unused",Sole party,"Digital, own app","Electronic, one source",Direct,"Under 5k, consistent",Up to 10 percent,None,Employer and retail,"Minor, explained",No,2025-03-30
NG-10070,Personal,Sole trader or joint,Natural person,General trade,No match,No match,United Kingdom,UK tax residence only,UK only,Current account with credit,Withdrawal only,Not enabled,Sole party,"Digital, own app","Electronic, two sources",Direct,"Under 5k, consistent",Up to 10 percent,Up to 10 percent,Employer and retail,Consistent,No,2024-04-14
NG-10041,Personal,Sole trader or joint,Natural person,Employed or pension,No match,No match,United Kingdom,UK tax residence only,UK only,"Current account, no overdraft",Withdrawal only,"Enabled, unused",Sole party,"Digital, own app","Electronic, two sources",Direct,"Under 5k, consistent",No cash credits,Up to 10 percent,Employer and retail,Resolved on follow-up,No,2025-12-01
NG-10007,Personal,Individual,Natural person,Employed or pension,No match,No match,United Kingdom,"Further tax residence, monitored",UK only,Savings only,Withdrawal only,Not enabled,Sole party,"Digital, own app","Electronic, two sources",Comparison site,"Under 5k, consistent",Up to 10 percent,Up to 10 percent,Sector 4 counterparties,Consistent,No,2024-05-01
NG-10024,Personal,Individual,Natural person,General trade,No match,No match,United Kingdom,UK tax residence only,UK only,Current account with credit,Under 2k a month,Regular payments,"Joint, related","Digital, own app","Electronic, two sources",Direct,"5k to 25k, consistent",10 to 30 percent,None,Employer and retail,Consistent,No,2025-12-05
NG-10247,Personal,Individual,Natural person,Employed or pension,No match,No match,United Kingdom,UK tax residence only,UK only,"Current account, no overdraft",Withdrawal only,Not enabled,Sole party,Telephone and branch,"Electronic, one source",Direct,"Under 5k, consistent",Up to 10 percent,None,Employer and retail,Consistent,No,2024-09-25
NG-10087,Personal,Sole trader or joint,Natural person,Regulated profession,No match,No match,United Kingdom,UK tax residence only,UK only,"Current account, no overdraft",Withdrawal only,Occasional payments,Sole party,"Digital, own app","Electronic, two sources",Direct,"Under 5k, consistent",Up to 10 percent,Up to 10 percent,Employer and retail,Consistent,No,2024-10-28
NG-10051,Personal,Individual,Natural person,General trade,No match,No match,United Kingdom,"Further tax residence, unlisted",Unlisted countries,Current account with credit,Withdrawal only,"Enabled, unused",Sole party,"Digital, assisted","Electronic, one source",Comparison site,"5k to 25k, consistent",Up to 10 percent,Up to 10 percent,Sector 4 counterparties,Consistent,No,2024-02-05
NG-10359,Sole trader,Sole trader or joint,Natural person,Cash-intensive trade,No match,No match,United Kingdom,UK tax residence only,UK only,"Business account, basic",2k to 10k a month,Not enabled,Sole party,"Digital, own app","Electronic, two sources",Direct,"5k to 25k, consistent",Up to 10 percent,None,Named businesses,"Minor, explained",No,2024-03-07
NG-10349,Sole trader,Sole trader or joint,Natural person,Cash-intensive trade,No match,No match,United Kingdom,UK tax residence only,UK only,"Business account, cash and international",Under 2k a month,Regular payments,Sole party,"Digital, own app",Certified copies,Direct,"5k to 25k, consistent",30 to 60 percent,None,Many individuals,Consistent,No,2025-03-16
NG-10374,Limited company,"UK company, corporate owner","Two layers, evidenced",General trade,No match,No match,United Kingdom,UK tax residence only,"Weaker AML, unlisted","Business account, basic",Under 2k a month,Occasional payments,Power of attorney,Branch,"Electronic, two sources",Direct,Above sector expectation,10 to 30 percent,Up to 10 percent,Many individuals,Consistent,No,2025-04-04
NG-10283,Personal,Sole trader or joint,Natural person,General trade,No match,No match,United Kingdom,UK tax residence only,UK only,"Current account, no overdraft",Withdrawal only,"Enabled, unused","Joint, related","Digital, own app","Electronic, two sources",Direct,"Under 5k, consistent",No cash credits,None,Employer and retail,Consistent,No,2024-11-18
NG-10164,Personal,Individual,Natural person,General trade,No match,No match,United Kingdom,UK tax residence only,UK only,"Current account, no overdraft",No cash facility,Not enabled,Sole party,"Digital, own app","Electronic, two sources",Direct,"5k to 25k, consistent",10 to 30 percent,None,Employer and retail,Consistent,No,2025-09-29
NG-10146,Personal,Individual,Natural person,General trade,No match,No match,United Kingdom,UK tax residence only,UK only,"Current account, no overdraft",Under 2k a month,Occasional payments,Sole party,"Digital, own app","Electronic, two sources",Comparison site,"Under 5k, consistent",Up to 10 percent,10 to 40 percent,Employer and retail,Consistent,No,2025-12-17
NG-10101,Personal,Individual,Natural person,General trade,No match,No match,United Kingdom,UK tax residence only,UK only,Current account with credit,Under 2k a month,Not enabled,Sole party,"Digital, own app","Electronic, two sources",Direct,"Under 5k, consistent",10 to 30 percent,None,Employer and retail,Consistent,No,2024-04-08
NG-10199,Personal,Individual,Natural person,Employed or pension,No match,No match,United Kingdom,"Further tax residence, unlisted",UK only,"Current account, no overdraft",No cash facility,"Enabled, unused","Joint, related","Digital, own app","Electronic, two sources",Customer referral,"Under 5k, consistent",No cash credits,Over 40 percent,Many individuals,Consistent,No,2025-10-07
NG-10227,Personal,Individual,Natural person,Regulated profession,PEP family or associate,False positive,United Kingdom,UK tax residence only,UK only,"Current account, no overdraft",Under 2k a month,"Enabled, unused",Sole party,"Digital, own app",Certified copies,Direct,"5k to 25k, consistent",Up to 10 percent,None,Employer and retail,Consistent,No,2025-11-06
NG-10269,Personal,Sole trader or joint,Natural person,Employed or pension,No match,No match,United Kingdom,UK tax residence only,UK only,Current account with credit,No cash facility,Occasional payments,Sole party,Branch,"Electronic, two sources",Direct,"5k to 25k, consistent",Up to 10 percent,Up to 10 percent,Employer and retail,Consistent,No,2025-05-07
NG-10159,Personal,Individual,Natural person,Employed or pension,No match,No match,United Kingdom,UK tax residence only,UK only,"Current account, no overdraft",Withdrawal only,Not enabled,"Joint, related","Digital, own app","Electronic, two sources",Customer referral,"Under 5k, consistent",No cash credits,None,Named businesses,Consistent,No,2024-02-08
NG-10153,Personal,Individual,Natural person,Employed or pension,No match,No match,United Kingdom,UK tax residence only,UK only,Savings only,Withdrawal only,"Enabled, unused",Sole party,"Digital, own app","Electronic, one source",Direct,"Under 5k, consistent",No cash credits,None,Employer and retail,Consistent,No,2025-03-11
NG-10183,Personal,Individual,Natural person,Employed or pension,No match,No match,United Kingdom,UK tax residence only,UK only,"Current account, no overdraft",Under 2k a month,"Enabled, unused",Sole party,Branch,"Electronic, one source",Direct,Above sector expectation,Up to 10 percent,Up to 10 percent,Employer and retail,Consistent,No,2024-10-10
NG-10054,Personal,Sole trader or joint,Natural person,Employed or pension,No match,No match,United Kingdom,UK tax residence only,Unlisted countries,"Current account, no overdraft",No cash facility,Not enabled,Sole party,"Digital, own app","Electronic, one source",Direct,"Under 5k, consistent",Up to 10 percent,None,Employer and retail,Consistent,No,2025-12-28
NG-10198,Personal,Individual,Natural person,Cash-intensive trade,No match,False positive,United Kingdom,UK tax residence only,UK only,Current account with credit,Withdrawal only,"Enabled, unused",Sole party,"Digital, own app","Electronic, two sources",Direct,"5k to 25k, consistent",10 to 30 percent,Up to 10 percent,Employer and retail,Consistent,No,2024-06-12
NG-10342,Sole trader,Sole trader or joint,Natural person,General trade,No match,No match,United Kingdom,UK tax residence only,UK only,"Business account, basic",Under 2k a month,Not enabled,Sole party,"Digital, own app","Electronic, two sources",Direct,"5k to 25k, consistent",30 to 60 percent,Over 40 percent,Many individuals,Consistent,No,2024-01-03
NG-10289,Personal,Individual,Natural person,Employed or pension,No match,No match,United Kingdom,UK tax residence only,UK only,Current account with credit,Withdrawal only,Occasional payments,"Joint, related","Digital, own app","Electronic, two sources",Direct,"Under 5k, consistent",10 to 30 percent,Over 40 percent,Employer and retail,"Minor, explained",No,2025-03-12
NG-10023,Personal,Individual,Natural person,Employed or pension,No match,False positive,United Kingdom,UK tax residence only,UK only,"Current account, no overdraft",2k to 10k a month,Occasional payments,Sole party,"Digital, assisted","Electronic, one source",Direct,"Under 5k, consistent",No cash credits,10 to 40 percent,Employer and retail,Consistent,No,2025-08-05
NG-10056,Personal,Individual,Natural person,Employed or pension,No match,No match,United Kingdom,UK tax residence only,UK only,Savings only,Withdrawal only,"Enabled, unused",Sole party,"Digital, own app","Electronic, two sources",Direct,"5k to 25k, consistent",No cash credits,None,Employer and retail,Consistent,Yes,2025-02-04
NG-10346,Sole trader,Sole trader or joint,Natural person,Cash-intensive trade,No match,No match,United Kingdom,UK tax residence only,UK only,"Business account, basic",2k to 10k a month,Occasional payments,"Joint, related","Digital, own app","Electronic, two sources",Direct,"Under 5k, consistent",10 to 30 percent,None,Named businesses,Consistent,No,2024-02-25
NG-10301,Sole trader,Sole trader or joint,Natural person,Cash-intensive trade,No match,No match,United Kingdom,UK tax residence only,UK only,"Business account, basic",No cash facility,"Enabled, unused",Sole party,"Digital, own app","Electronic, two sources",Direct,"5k to 25k, consistent",No cash credits,None,Many individuals,Consistent,No,2024-02-07
NG-10222,Personal,Individual,Natural person,Employed or pension,No match,No match,United Kingdom,UK tax residence only,UK only,Current account with credit,Under 2k a month,Occasional payments,"Mandate, evidenced","Digital, own app","Electronic, two sources",Direct,"Under 5k, consistent",Up to 10 percent,None,Employer and retail,Consistent,No,2025-08-01
NG-10129,Personal,Sole trader or joint,Natural person,Employed or pension,No match,No match,United Kingdom,UK tax residence only,Unlisted countries,"Current account, no overdraft",Withdrawal only,Not enabled,"Joint, related","Digital, own app","Electronic, two sources",Comparison site,"Under 5k, consistent",Up to 10 percent,None,Employer and retail,Consistent,No,2025-11-26
NG-10215,Personal,Individual,Natural person,Employed or pension,PEP family or associate,No match,United Kingdom,UK tax residence only,UK only,"Current account, no overdraft",Withdrawal only,Regular payments,"Joint, related","Digital, assisted","Electronic, two sources",Direct,"Under 5k, consistent",30 to 60 percent,None,Employer and retail,Consistent,No,2024-02-10
NG-10327,Sole trader,Sole trader or joint,Natural person,Cash-intensive trade,No match,No match,United Kingdom,UK tax residence only,"Weaker AML, unlisted","Business account, basic",Over 10k a month,Occasional payments,Sole party,"Digital, assisted",Documents face to face,Comparison site,"Under 5k, consistent",Up to 10 percent,10 to 40 percent,Many individuals,Consistent,No,2024-05-25
NG-10127,Personal,Individual,Natural person,Regulated profession,No match,No match,United Kingdom,UK tax residence only,UK only,"Current account, no overdraft",Withdrawal only,Regular payments,Sole party,"Digital, own app","Electronic, two sources",Register checked,"5k to 25k, consistent",Up to 10 percent,None,Employer and retail,Consistent,No,2024-01-21
NG-10136,Personal,Sole trader or joint,Natural person,Employed or pension,No match,No match,United Kingdom,"Further tax residence, monitored",UK only,Savings only,Withdrawal only,Occasional payments,Sole party,"Digital, own app","Electronic, one source",Customer referral,"5k to 25k, consistent",No cash credits,None,Employer and retail,"Minor, explained",No,2024-11-11
NG-10017,Personal,Individual,Natural person,Employed or pension,No match,No match,United Kingdom,UK tax residence only,UK only,Savings only,Withdrawal only,Occasional payments,Sole party,"Digital, own app","Electronic, two sources",Direct,"5k to 25k, consistent",No cash credits,None,Employer and retail,Consistent,Yes,2025-06-13
NG-10110,Personal,Individual,Natural person,Employed or pension,No match,No match,United Kingdom,UK tax residence only,UK only,Current account with credit,Under 2k a month,Regular payments,"Joint, related","Digital, own app","Electronic, two sources",Direct,"Under 5k, consistent",Up to 10 percent,10 to 40 percent,Employer and retail,Consistent,No,2025-06-18
NG-10267,Personal,Individual,Natural person,Employed or pension,No match,No match,United Kingdom,"Further tax residence, unlisted",UK only,Current account with credit,Withdrawal only,Not enabled,"Mandate, evidenced","Digital, own app",Documents face to face,Direct,"5k to 25k, consistent",No cash credits,None,Employer and retail,Consistent,No,2025-04-09
NG-10128,Personal,Individual,Natural person,Cash-intensive trade,No match,No match,United Kingdom,UK tax residence only,UK only,"Current account, no overdraft",Under 2k a month,"Enabled, unused",Sole party,"Digital, own app",Documents face to face,Customer referral,"Under 5k, consistent",10 to 30 percent,None,Employer and retail,Consistent,No,2024-04-05
NG-10161,Personal,Individual,Natural person,Employed or pension,No match,No match,United Kingdom,UK tax residence only,Unlisted countries,"Current account, no overdraft",Withdrawal only,Payments to listed country,Sole party,"Digital, own app","Electronic, two sources",Customer referral,"5k to 25k, consistent",Up to 10 percent,None,Employer and retail,Consistent,No,2024-03-14
NG-10050,Personal,Sole trader or joint,Natural person,Cash-intensive trade,No match,No match,United Kingdom,UK tax residence only,"Weaker AML, unlisted",Current account with credit,Withdrawal only,Not enabled,Sole party,"Digital, own app","Electronic, two sources",Direct,"Over 25k, consistent",No cash credits,None,Employer and retail,Consistent,No,2025-03-19
NG-10246,Personal,Sole trader or joint,Natural person,Employed or pension,No match,No match,United Kingdom,UK tax residence only,UK only,Current account with credit,Withdrawal only,Occasional payments,"Joint, related",Unsupervised intermediary,Documents face to face,Direct,"Under 5k, consistent",No cash credits,None,Employer and retail,Consistent,No,2024-04-14
NG-10075,Personal,Individual,Natural person,Employed or pension,No match,No match,United Kingdom,UK tax residence only,UK only,"Current account, no overdraft",2k to 10k a month,Not enabled,Sole party,"Digital, own app","Electronic, two sources",Direct,"5k to 25k, consistent",Up to 10 percent,Up to 10 percent,Many individuals,Consistent,No,2024-06-21
NG-10042,Personal,Individual,Natural person,Regulated profession,No match,No match,United Kingdom,UK tax residence only,UK only,Current account with credit,Withdrawal only,Not enabled,"Joint, related","Digital, own app","Electronic, two sources",Direct,"5k to 25k, consistent",Up to 10 percent,None,Employer and retail,Consistent,Yes,2024-03-05
NG-10392,Limited company,"UK company, corporate owner",One or two UBOs,General trade,No match,No match,United Kingdom,UK tax residence only,"Weaker AML, unlisted","Business account, cash and international",Over 10k a month,Regular payments,"Mandate, evidenced","Digital, own app","Electronic, two sources",Register checked,"Over 25k, consistent",No cash credits,None,Named businesses,Consistent,No,2025-01-12
NG-10331,Sole trader,Sole trader or joint,Natural person,Cash-intensive trade,No match,No match,United Kingdom,UK tax residence only,Unlisted countries,"Business account, basic",2k to 10k a month,"Enabled, unused",Sole party,Branch,Documents face to face,Direct,"5k to 25k, consistent",30 to 60 percent,10 to 40 percent,Many individuals,"Minor, explained",No,2024-10-21
NG-10390,Limited company,"UK company, natural owners","Two layers, evidenced",General trade,No match,No match,United Kingdom,UK tax residence only,"Weaker AML, unlisted","Business account, basic",Withdrawal only,Occasional payments,"Mandate, evidenced","Digital, own app",Certified copies,Direct,"Over 25k, consistent",Over 60 percent,None,Named businesses,Consistent,No,2024-12-17
NG-10115,Personal,Individual,Natural person,Employed or pension,No match,No match,United Kingdom,UK tax residence only,UK only,Current account with credit,Withdrawal only,Occasional payments,"Joint, related","Digital, assisted","Electronic, one source",Customer referral,"Under 5k, consistent",Up to 10 percent,None,Employer and retail,Consistent,No,2025-08-27
NG-10169,Personal,Individual,Natural person,Employed or pension,No match,No match,United Kingdom,UK tax residence only,UK only,"Current account, no overdraft",Under 2k a month,Occasional payments,"Joint, related","Digital, own app","Electronic, one source",Direct,"Under 5k, consistent",Up to 10 percent,None,Employer and retail,Consistent,No,2024-04-30
NG-10209,Personal,Individual,Natural person,Regulated profession,No match,No match,United Kingdom,UK tax residence only,Unlisted countries,Current account with credit,No cash facility,Regular payments,"Mandate, evidenced","Digital, assisted","Electronic, two sources",Direct,"5k to 25k, consistent",Up to 10 percent,"Over 40 percent, listed country",Employer and retail,Consistent,No,2024-01-24
NG-10137,Personal,Individual,Natural person,Cash-intensive trade,No match,No match,United Kingdom,UK tax residence only,UK only,Current account with credit,Withdrawal only,"Enabled, unused",Sole party,Branch,"Electronic, two sources",Direct,"Under 5k, consistent",Up to 10 percent,Up to 10 percent,Employer and retail,Consistent,No,2024-06-29
NG-10067,Personal,Sole trader or joint,Natural person,General trade,No match,No match,United Kingdom,UK tax residence only,UK only,"Current account, no overdraft",Withdrawal only,Not enabled,Sole party,"Digital, own app","Electronic, one source",Direct,"Under 5k, consistent",Up to 10 percent,None,Employer and retail,Consistent,No,2025-05-20
NG-10259,Personal,Individual,Natural person,Regulated profession,No match,No match,United Kingdom,UK tax residence only,UK only,Current account with credit,Under 2k a month,Occasional payments,Sole party,"Digital, own app","Electronic, two sources",Direct,"5k to 25k, consistent",No cash credits,Up to 10 percent,Employer and retail,Consistent,No,2025-03-24
NG-10013,Personal,Individual,Natural person,General trade,No match,No match,United Kingdom,"Further tax residence, unlisted",UK only,"Current account, no overdraft",Withdrawal only,Not enabled,Sole party,"Digital, own app","Electronic, two sources",Comparison site,"Under 5k, consistent",10 to 30 percent,None,Employer and retail,Consistent,No,2025-06-27
NG-10389,Limited company,"UK company, natural owners","Nominee, bearer or unevidenced",General trade,No match,No match,United Kingdom,UK tax residence only,FATF call for action,"Business account, basic",Under 2k a month,Not enabled,"Mandate, evidenced","Digital, assisted",Documents face to face,Direct,"5k to 25k, consistent",10 to 30 percent,Up to 10 percent,Named businesses,Resolved on follow-up,No,2024-11-12
NG-10271,Personal,Sole trader or joint,Natural person,Employed or pension,No match,No match,United Kingdom,UK tax residence only,UK only,Current account with credit,Under 2k a month,Occasional payments,Sole party,"Digital, own app","Electronic, one source",Direct,"Under 5k, consistent",Up to 10 percent,None,Named businesses,Consistent,No,2025-07-11
NG-10047,Personal,Individual,Natural person,Employed or pension,No match,No match,United Kingdom,UK tax residence only,UK only,Current account with credit,Under 2k a month,Not enabled,Sole party,"Digital, assisted","Electronic, one source",Direct,"Under 5k, consistent",10 to 30 percent,Up to 10 percent,Employer and retail,Consistent,No,2024-10-11
NG-10179,Personal,Sole trader or joint,Natural person,Regulated profession,No match,No match,United Kingdom,UK tax residence only,UK only,"Current account, no overdraft",Withdrawal only,Regular payments,Sole party,"Digital, own app",Uncorroborated documents,Direct,"5k to 25k, consistent",Up to 10 percent,None,Employer and retail,Consistent,No,2025-09-14
NG-10318,Sole trader,Sole trader or joint,Natural person,Cash-intensive trade,No match,No match,United Kingdom,"Further tax residence, unlisted",UK only,"Business account, basic",2k to 10k a month,Not enabled,"Joint, related","Digital, own app","Electronic, two sources",Direct,"5k to 25k, consistent",Over 60 percent,Up to 10 percent,Many individuals,Consistent,No,2024-02-06
NG-10347,Sole trader,Sole trader or joint,Natural person,Regulated profession,No match,No match,United Kingdom,UK tax residence only,UK only,"Business account, basic",Under 2k a month,"Enabled, unused",Sole party,"Digital, own app",Documents face to face,Direct,"5k to 25k, consistent",No cash credits,None,Many individuals,"Minor, explained",No,2024-06-03
NG-10217,Personal,Sole trader or joint,Natural person,General trade,No match,No match,United Kingdom,UK tax residence only,UK only,Current account with credit,Under 2k a month,Occasional payments,"Joint, related","Digital, own app",Documents face to face,Direct,"Under 5k, consistent",No cash credits,None,Named businesses,Consistent,No,2024-07-12
NG-10305,Sole trader,Sole trader or joint,Natural person,Cash-intensive trade,No match,No match,United Kingdom,UK tax residence only,Unlisted countries,"Business account, basic",2k to 10k a month,Occasional payments,Sole party,Branch,"Electronic, two sources",Direct,"5k to 25k, consistent",30 to 60 percent,None,Named businesses,Consistent,No,2024-11-30
NG-10138,Personal,Individual,Natural person,Employed or pension,No match,No match,United Kingdom,"Further tax residence, unlisted",UK only,Current account with credit,Under 2k a month,"Enabled, unused",Sole party,"Digital, own app","Electronic, two sources",Direct,"Over 25k, consistent",Up to 10 percent,None,Employer and retail,Consistent,No,2024-02-22
NG-10310,Sole trader,Sole trader or joint,Natural person,General trade,No match,False positive,United Kingdom,UK tax residence only,Unlisted countries,"Business account, basic",Under 2k a month,"Enabled, unused",Sole party,Branch,"Electronic, two sources",Direct,"5k to 25k, consistent",Up to 10 percent,None,Sector 4 counterparties,Consistent,No,2024-07-30
NG-10040,Personal,Sole trader or joint,Natural person,Employed or pension,No match,False positive,United Kingdom,UK tax residence only,UK only,Current account with credit,Under 2k a month,Not enabled,"Joint, related","Digital, own app","Electronic, two sources",Comparison site,"Under 5k, consistent",Up to 10 percent,None,Employer and retail,Resolved on follow-up,No,2025-11-29
NG-10080,Personal,Individual,Natural person,Employed or pension,No match,No match,United Kingdom,UK tax residence only,UK only,"Current account, no overdraft",Under 2k a month,Not enabled,Sole party,Branch,"Electronic, two sources",Customer referral,"5k to 25k, consistent",Up to 10 percent,Up to 10 percent,Employer and retail,Consistent,No,2024-11-16
NG-10274,Personal,Individual,Natural person,Employed or pension,No match,No match,United Kingdom,UK tax residence only,UK only,"Current account, no overdraft",Withdrawal only,"Enabled, unused",Sole party,"Digital, assisted","Electronic, two sources",Direct,"Under 5k, consistent",10 to 30 percent,10 to 40 percent,Employer and retail,Consistent,No,2024-04-17
NG-10384,Limited company,"UK company, natural owners",One or two UBOs,General trade,No match,No match,United Kingdom,UK tax residence only,Unlisted countries,"Business account, cash and international",Withdrawal only,Occasional payments,Power of attorney,"Digital, own app",Documents face to face,Register checked,"5k to 25k, consistent",10 to 30 percent,None,Sector 4 counterparties,"Minor, explained",No,2024-05-16
NG-10089,Personal,Individual,Natural person,Employed or pension,No match,No match,United Kingdom,UK tax residence only,UK only,Current account with credit,No cash facility,"Enabled, unused",Sole party,"Digital, own app","Electronic, two sources",Direct,"Under 5k, consistent",10 to 30 percent,Up to 10 percent,Employer and retail,Consistent,No,2024-01-19
NG-10141,Personal,Individual,Natural person,Employed or pension,No match,No match,United Kingdom,UK tax residence only,UK only,Current account with credit,Under 2k a month,Occasional payments,Sole party,"Digital, own app","Electronic, one source",Direct,"Under 5k, consistent",No cash credits,None,Employer and retail,Consistent,No,2024-05-24
NG-10337,Sole trader,Sole trader or joint,Natural person,"MSB, TCSP or HVD",No match,No match,United Kingdom,UK tax residence only,Unlisted countries,"Business account, cash and international",2k to 10k a month,Occasional payments,Sole party,"Digital, assisted","Electronic, two sources",Direct,"5k to 25k, consistent",30 to 60 percent,10 to 40 percent,Named businesses,"Minor, explained",No,2024-11-03
NG-10065,Personal,Sole trader or joint,Natural person,Employed or pension,No match,False positive,United Kingdom,UK tax residence only,UK only,Current account with credit,Withdrawal only,"Enabled, unused",Sole party,"Digital, own app","Electronic, two sources",Direct,"Under 5k, consistent",Up to 10 percent,Up to 10 percent,Employer and retail,"Minor, explained",No,2024-10-15
NG-10163,Personal,Individual,Natural person,Regulated profession,No match,No match,United Kingdom,UK tax residence only,UK only,"Current account, no overdraft",Under 2k a month,"Enabled, unused","Joint, related","Digital, own app","Electronic, one source",Customer referral,"5k to 25k, consistent",Up to 10 percent,None,Employer and retail,Consistent,No,2025-01-05
NG-10012,Personal,Individual,Natural person,Employed or pension,No match,No match,United Kingdom,UK tax residence only,UK only,"Current account, no overdraft",Under 2k a month,"Enabled, unused",Sole party,"Digital, own app","Electronic, two sources",Direct,"Over 25k, consistent",Up to 10 percent,Up to 10 percent,Employer and retail,Consistent,No,2024-04-21
NG-10316,Sole trader,Sole trader or joint,Natural person,General trade,No match,No match,United Kingdom,UK tax residence only,Unlisted countries,"Business account, basic",Over 10k a month,Not enabled,Sole party,Telephone and branch,"Electronic, two sources",Direct,"5k to 25k, consistent",10 to 30 percent,Up to 10 percent,Sector 4 counterparties,Consistent,Yes,2025-11-10
NG-10311,Sole trader,Sole trader or joint,Natural person,Cash-intensive trade,No match,No match,United Kingdom,UK tax residence only,UK only,"Business account, basic",Over 10k a month,Not enabled,Sole party,Branch,Documents face to face,Direct,"Under 5k, consistent",10 to 30 percent,None,Many individuals,Consistent,No,2025-12-30
NG-10334,Sole trader,Sole trader or joint,Natural person,Regulated profession,No match,No match,United Kingdom,UK tax residence only,UK only,"Business account, cash and international",2k to 10k a month,Not enabled,Sole party,"Digital, assisted","Electronic, one source",Direct,"5k to 25k, consistent",Up to 10 percent,Up to 10 percent,Many individuals,Resolved on follow-up,No,2025-05-08
NG-10258,Personal,Individual,Natural person,Employed or pension,No match,No match,United Kingdom,UK tax residence only,UK only,Current account with credit,Under 2k a month,"Enabled, unused",Sole party,Telephone and branch,Documents face to face,Comparison site,"Under 5k, consistent",Up to 10 percent,Up to 10 percent,Sector 4 counterparties,Consistent,No,2024-06-07
NG-10073,Personal,Individual,Natural person,Employed or pension,No match,No match,United Kingdom,UK tax residence only,UK only,Savings only,Withdrawal only,Regular payments,Unexplained signatories,"Digital, own app","Electronic, two sources",Direct,"Under 5k, consistent",10 to 30 percent,None,Employer and retail,Consistent,No,2025-08-19
NG-10175,Personal,Individual,Natural person,Employed or pension,No match,No match,United Kingdom,UK tax residence only,UK only,"Current account, no overdraft",Withdrawal only,Not enabled,Sole party,"Digital, own app","Electronic, two sources",Customer referral,Above sector expectation,Up to 10 percent,None,Employer and retail,Consistent,No,2025-07-21
NG-10064,Personal,Individual,Natural person,Employed or pension,No match,No match,United Kingdom,"Further tax residence, unlisted",Unlisted countries,"Current account, no overdraft",Withdrawal only,Regular payments,Sole party,"Digital, own app","Electronic, two sources",Direct,"Under 5k, consistent",10 to 30 percent,None,Employer and retail,Consistent,No,2025-03-29
NG-10120,Personal,Individual,Natural person,Employed or pension,No match,No match,United Kingdom,UK tax residence only,UK only,"Current account, no overdraft",Withdrawal only,"Enabled, unused",Sole party,"Digital, own app","Electronic, two sources",Direct,"5k to 25k, consistent",No cash credits,None,Employer and retail,Consistent,No,2024-08-31
NG-10330,Sole trader,Sole trader or joint,Natural person,Cash-intensive trade,No match,No match,United Kingdom,UK tax residence only,UK only,"Business account, basic",Under 2k a month,Not enabled,Sole party,"Digital, own app",Documents face to face,Register checked,"Over 25k, consistent",10 to 30 percent,"Over 40 percent, listed country",Named businesses,Consistent,No,2025-01-02
NG-10360,Sole trader,Sole trader or joint,Natural person,General trade,No match,No match,United Kingdom,UK tax residence only,UK only,"Business account, cash and international",Under 2k a month,"Enabled, unused","Mandate, evidenced","Digital, own app",Documents face to face,Comparison site,"5k to 25k, consistent",10 to 30 percent,None,Named businesses,Consistent,No,2025-05-08
NG-10197,Personal,Individual,Natural person,Regulated profession,No match,No match,United Kingdom,UK tax residence only,Unlisted countries,Savings only,Under 2k a month,Not enabled,Sole party,Branch,"Electronic, one source",Direct,"Under 5k, consistent",Up to 10 percent,None,Employer and retail,Consistent,No,2024-11-12
NG-10220,Personal,Individual,Natural person,Employed or pension,No match,"Adverse media, unproven",United Kingdom,UK tax residence only,UK only,"Current account, no overdraft",Under 2k a month,Not enabled,Sole party,"Digital, assisted","Electronic, two sources",Direct,"Under 5k, consistent",10 to 30 percent,None,Employer and retail,Unresolved,No,2024-08-19
NG-10027,Personal,Sole trader or joint,Natural person,Employed or pension,No match,No match,United Kingdom,UK tax residence only,UK only,"Current account, no overdraft",Withdrawal only,Not enabled,Sole party,"Digital, own app","Electronic, two sources",Direct,"Under 5k, consistent",Up to 10 percent,None,Named businesses,"Minor, explained",No,2024-02-20
NG-10357,Sole trader,Sole trader or joint,Natural person,Cash-intensive trade,No match,False positive,United Kingdom,UK tax residence only,Unlisted countries,"Business account, basic",2k to 10k a month,Occasional payments,Sole party,Branch,"Electronic, one source",Comparison site,"5k to 25k, consistent",10 to 30 percent,Over 40 percent,Many individuals,Consistent,No,2024-09-06
NG-10088,Personal,Individual,Natural person,Employed or pension,No match,No match,United Kingdom,UK tax residence only,UK only,Current account with credit,Under 2k a month,Not enabled,"Joint, related",Branch,"Electronic, one source",Direct,"Under 5k, consistent",Up to 10 percent,None,Employer and retail,Consistent,No,2024-02-23
NG-10351,Sole trader,Sole trader or joint,Natural person,Cash-intensive trade,No match,No match,United Kingdom,UK tax residence only,UK only,"Business account, basic",Withdrawal only,Not enabled,Sole party,"Digital, own app","Electronic, one source",Customer referral,Above sector expectation,30 to 60 percent,None,Many individuals,Resolved on follow-up,No,2024-12-10
NG-10116,Personal,Individual,Natural person,Employed or pension,No match,No match,United Kingdom,UK tax residence only,UK only,Current account with credit,Withdrawal only,"Enabled, unused",Sole party,"Digital, own app","Electronic, two sources",Direct,"Under 5k, consistent",No cash credits,Up to 10 percent,Employer and retail,Consistent,No,2024-03-10
NG-10186,Personal,Individual,Natural person,Employed or pension,No match,False positive,United Kingdom,UK tax residence only,Unlisted countries,"Current account, no overdraft",Under 2k a month,Occasional payments,Sole party,"Digital, own app",Certified copies,Direct,"Under 5k, consistent",Up to 10 percent,10 to 40 percent,Employer and retail,Consistent,No,2025-09-23
NG-10173,Personal,Individual,Natural person,Employed or pension,No match,False positive,United Kingdom,UK tax residence only,UK only,"Current account, no overdraft",Withdrawal only,"Enabled, unused",Sole party,"Digital, own app","Electronic, two sources",Direct,"Under 5k, consistent",No cash credits,None,Named businesses,Consistent,No,2024-02-08
NG-10261,Personal,Individual,Natural person,Employed or pension,No match,No match,United Kingdom,UK tax residence only,UK only,Current account with credit,Withdrawal only,"Enabled, unused",Sole party,"Digital, own app","Electronic, two sources",Customer referral,"Under 5k, consistent",No cash credits,Up to 10 percent,Employer and retail,Consistent,No,2024-11-25
NG-10112,Personal,Sole trader or joint,Natural person,Employed or pension,PEP family or associate,No match,United Kingdom,UK tax residence only,UK only,"Current account, no overdraft",Withdrawal only,Occasional payments,Sole party,Unsupervised intermediary,"Electronic, two sources",Comparison site,"5k to 25k, consistent",No cash credits,None,Employer and retail,Consistent,No,2024-07-07
NG-10025,Personal,Individual,Natural person,General trade,No match,No match,United Kingdom,UK tax residence only,UK only,Savings only,Under 2k a month,"Enabled, unused",Sole party,"Digital, own app",Documents face to face,Direct,"Under 5k, consistent",No cash credits,None,Employer and retail,Consistent,No,2025-12-24
NG-10264,Personal,Sole trader or joint,Natural person,General trade,No match,No match,United Kingdom,UK tax residence only,UK only,Current account with credit,No cash facility,Occasional payments,"Joint, related","Digital, own app","Electronic, two sources",Direct,"Under 5k, consistent",10 to 30 percent,None,Employer and retail,Consistent,No,2025-02-28
NG-10105,Personal,Individual,Natural person,Employed or pension,No match,No match,United Kingdom,UK tax residence only,UK only,"Current account, no overdraft",Under 2k a month,Occasional payments,Sole party,"Digital, own app","Electronic, two sources",Comparison site,"Under 5k, consistent",Up to 10 percent,None,Employer and retail,Consistent,No,2025-12-26
NG-10216,Personal,Individual,Natural person,Employed or pension,No match,No match,United Kingdom,UK tax residence only,UK only,Current account with credit,Under 2k a month,Occasional payments,Sole party,"Digital, own app","Electronic, two sources",Direct,"5k to 25k, consistent",Up to 10 percent,None,Employer and retail,Consistent,Yes,2025-04-24
NG-10144,Personal,Individual,Natural person,Regulated profession,No match,No match,United Kingdom,"Further tax residence, unlisted",UK only,"Current account, no overdraft",2k to 10k a month,"Enabled, unused",Sole party,"Digital, own app","Electronic, two sources",Customer referral,"5k to 25k, consistent",Up to 10 percent,Up to 10 percent,Employer and retail,"Minor, explained",No,2024-09-26
NG-10174,Personal,Individual,Natural person,General trade,No match,No match,United Kingdom,UK tax residence only,FATF call for action,Current account with credit,Under 2k a month,Regular payments,"Joint, related","Digital, own app","Electronic, two sources",Direct,"Under 5k, consistent",No cash credits,None,Employer and retail,Consistent,No,2024-03-18
NG-10350,Sole trader,Sole trader or joint,Natural person,Cash-intensive trade,No match,No match,United Kingdom,UK tax residence only,FATF increased monitoring,"Business account, cash and international",2k to 10k a month,Occasional payments,Sole party,"Digital, own app","Electronic, two sources",Direct,"5k to 25k, consistent",Up to 10 percent,Up to 10 percent,Named businesses,Consistent,No,2024-01-27
NG-10079,Personal,Individual,Natural person,Regulated profession,No match,No match,United Kingdom,UK tax residence only,UK only,"Current account, no overdraft",Withdrawal only,"Enabled, unused",Sole party,"Digital, own app","Electronic, two sources",Direct,"Under 5k, consistent",10 to 30 percent,Over 40 percent,Named businesses,Consistent,No,2025-02-01
NG-10126,Personal,Individual,Natural person,Employed or pension,No match,No match,United Kingdom,UK tax residence only,"Weaker AML, unlisted",Current account with credit,Under 2k a month,"Enabled, unused",Sole party,Telephone and branch,"Electronic, two sources",Direct,"Under 5k, consistent",No cash credits,Up to 10 percent,Employer and retail,Consistent,No,2025-08-27
NG-10048,Personal,Individual,Natural person,Employed or pension,No match,No match,United Kingdom,UK tax residence only,UK only,Current account with credit,No cash facility,"Enabled, unused","Joint, related","Digital, own app","Electronic, two sources",Customer referral,"5k to 25k, consistent",Up to 10 percent,Up to 10 percent,Named businesses,Consistent,No,2025-01-30
NG-10368,Limited company,"UK company, corporate owner",Three to five UBOs,General trade,No match,No match,United Kingdom,"Further tax residence, unlisted",Unlisted countries,"Business account, basic",2k to 10k a month,Occasional payments,Power of attorney,"Digital, assisted","Electronic, one source",Direct,"5k to 25k, consistent",10 to 30 percent,None,Named businesses,Resolved on follow-up,No,2024-05-20
NG-10206,Personal,Individual,Natural person,Employed or pension,No match,No match,United Kingdom,UK tax residence only,UK only,"Current account, no overdraft",Under 2k a month,"Enabled, unused",Sole party,"Digital, own app","Electronic, two sources",Direct,"5k to 25k, consistent",Up to 10 percent,Up to 10 percent,Employer and retail,Consistent,No,2025-02-19
NG-10235,Personal,Individual,Natural person,Employed or pension,No match,No match,United Kingdom,UK tax residence only,UK only,Current account with credit,No cash facility,Not enabled,Sole party,"Digital, assisted","Electronic, two sources",Comparison site,"Under 5k, consistent",No cash credits,None,Named businesses,Consistent,No,2024-03-15
NG-10195,Personal,Individual,Natural person,Regulated profession,No match,No match,United Kingdom,UK tax residence only,UK only,Current account with credit,Withdrawal only,Not enabled,Sole party,"Digital, own app","Electronic, two sources",Direct,"Under 5k, consistent",No cash credits,None,Employer and retail,Consistent,No,2024-03-25
NG-10108,Personal,Individual,Natural person,Employed or pension,No match,No match,United Kingdom,UK tax residence only,UK only,"Current account, no overdraft",Withdrawal only,"Enabled, unused",Sole party,"Digital, own app",Documents face to face,Direct,"Under 5k, consistent",10 to 30 percent,None,Undescribed or sector 5,"Minor, explained",No,2025-05-16
NG-10125,Personal,Individual,Natural person,Employed or pension,No match,No match,United Kingdom,UK tax residence only,FATF increased monitoring,Current account with credit,Under 2k a month,Occasional payments,Sole party,"Digital, own app","Electronic, two sources",Direct,"Over 25k, consistent",Up to 10 percent,Up to 10 percent,Named businesses,Consistent,No,2024-07-06
NG-10019,Personal,Individual,Natural person,General trade,No match,No match,United Kingdom,UK tax residence only,UK only,"Current account, no overdraft",Withdrawal only,Not enabled,Sole party,Unsupervised intermediary,"Electronic, two sources",Customer referral,"Under 5k, consistent",30 to 60 percent,Up to 10 percent,Employer and retail,Consistent,No,2024-10-01
NG-10361,Limited company,"UK company, natural owners",One or two UBOs,Regulated profession,No match,No match,United Kingdom,UK tax residence only,UK only,"Business account, cash and international",2k to 10k a month,Occasional payments,Sole party,"Digital, own app","Electronic, two sources",Customer referral,"5k to 25k, consistent",Up to 10 percent,None,Sector 4 counterparties,Consistent,No,2025-12-16
NG-10333,Sole trader,Sole trader or joint,Natural person,Cash-intensive trade,No match,No match,United Kingdom,UK tax residence only,UK only,"Business account, cash and international",Over 10k a month,Occasional payments,Sole party,Branch,"Electronic, one source",Direct,"5k to 25k, consistent",30 to 60 percent,None,Sector 4 counterparties,Consistent,No,2025-12-28
NG-10245,Personal,Individual,Natural person,General trade,No match,"Adverse media, unproven",United Kingdom,UK tax residence only,UK only,Current account with credit,Under 2k a month,Not enabled,Sole party,"Digital, own app","Electronic, one source",Register checked,"Over 25k, consistent",Up to 10 percent,None,Employer and retail,"Minor, explained",No,2025-12-16
NG-10340,Sole trader,Sole trader or joint,Natural person,General trade,No match,"Adverse media, unproven",United Kingdom,UK tax residence only,Unlisted countries,"Business account, basic",Over 10k a month,Payments to listed country,Sole party,"Digital, assisted","Electronic, two sources",Customer referral,"5k to 25k, consistent",10 to 30 percent,Up to 10 percent,Many individuals,Consistent,Yes,2025-01-21
NG-10290,Personal,Individual,Natural person,Employed or pension,No match,No match,United Kingdom,UK tax residence only,UK only,Savings only,Under 2k a month,"Enabled, unused",Sole party,"Digital, own app","Electronic, two sources",Direct,"Under 5k, consistent",10 to 30 percent,None,Employer and retail,Consistent,No,2024-09-19
NG-10038,Personal,Individual,Natural person,Employed or pension,No match,No match,United Kingdom,UK tax residence only,UK only,Current account with credit,No cash facility,"Enabled, unused",Sole party,"Digital, own app","Electronic, two sources",Direct,"Under 5k, consistent",Over 60 percent,None,Many individuals,"Minor, explained",No,2024-07-22
NG-10018,Personal,Individual,Natural person,Employed or pension,No match,No match,United Kingdom,UK tax residence only,UK only,Current account with credit,Withdrawal only,Not enabled,Sole party,"Digital, own app","Electronic, one source",Direct,"Under 5k, consistent",Up to 10 percent,None,Employer and retail,Consistent,No,2024-11-22
NG-10099,Personal,Individual,Natural person,Employed or pension,No match,False positive,United Kingdom,UK tax residence only,UK only,"Current account, no overdraft",2k to 10k a month,Occasional payments,"Mandate, evidenced","Digital, assisted","Electronic, two sources",Direct,"5k to 25k, consistent",Up to 10 percent,None,Employer and retail,Consistent,No,2025-06-20
NG-10031,Personal,Individual,Natural person,Employed or pension,No match,False positive,United Kingdom,UK tax residence only,Unlisted countries,Current account with credit,Under 2k a month,Occasional payments,"Joint, related","Digital, own app","Electronic, one source",Direct,"5k to 25k, consistent",Up to 10 percent,None,Employer and retail,Consistent,No,2025-03-20
NG-10229,Personal,Sole trader or joint,Natural person,Regulated profession,No match,No match,United Kingdom,UK tax residence only,UK only,Current account with credit,Under 2k a month,"Enabled, unused",Sole party,Branch,Uncorroborated documents,Direct,"5k to 25k, consistent",10 to 30 percent,Up to 10 percent,Employer and retail,Consistent,No,2024-03-08
NG-10266,Personal,Individual,Natural person,Employed or pension,No match,No match,United Kingdom,"Further tax residence, unlisted",UK only,"Current account, no overdraft",No cash facility,Occasional payments,Sole party,"Digital, own app","Electronic, one source",Direct,"Under 5k, consistent",Up to 10 percent,Up to 10 percent,Named businesses,Consistent,No,2024-06-22
NG-10058,Personal,Individual,Natural person,Employed or pension,No match,No match,United Kingdom,UK tax residence only,UK only,Current account with credit,Withdrawal only,Not enabled,Sole party,Telephone and branch,"Electronic, two sources",Customer referral,"Under 5k, consistent",No cash credits,None,Employer and retail,Consistent,No,2025-11-10
NG-10228,Personal,Individual,Natural person,Cash-intensive trade,No match,No match,United Kingdom,UK tax residence only,UK only,Current account with credit,No cash facility,Not enabled,Sole party,"Digital, own app","Electronic, two sources",Comparison site,"5k to 25k, consistent",Up to 10 percent,None,Named businesses,Consistent,No,2024-06-27
NG-10201,Personal,Individual,Natural person,Employed or pension,No match,No match,United Kingdom,UK tax residence only,UK only,Current account with credit,Withdrawal only,Not enabled,Sole party,"Digital, assisted",Documents face to face,Direct,"Under 5k, consistent",Up to 10 percent,None,Named businesses,Consistent,No,2024-12-19
NG-10082,Personal,Individual,Natural person,Employed or pension,No match,No match,United Kingdom,UK tax residence only,UK only,"Current account, no overdraft",Under 2k a month,Not enabled,"Joint, related","Digital, own app",Documents face to face,Comparison site,"Over 25k, consistent",Up to 10 percent,10 to 40 percent,Employer and retail,Unresolved,No,2024-08-28
NG-10148,Personal,Individual,Natural person,Regulated profession,No match,No match,United Kingdom,UK tax residence only,UK only,Current account with credit,Withdrawal only,"Enabled, unused","Joint, related","Digital, own app","Electronic, one source",Direct,"5k to 25k, consistent",Up to 10 percent,Up to 10 percent,Employer and retail,Consistent,No,2025-07-25
NG-10049,Personal,Individual,Natural person,Employed or pension,No match,No match,United Kingdom,UK tax residence only,UK only,"Current account, no overdraft",Withdrawal only,Occasional payments,Sole party,"Digital, own app","Electronic, two sources",Direct,"Under 5k, consistent",Up to 10 percent,None,Named businesses,Consistent,No,2024-02-23
NG-10265,Personal,Sole trader or joint,Natural person,Employed or pension,No match,No match,United Kingdom,UK tax residence only,FATF increased monitoring,Savings only,Withdrawal only,"Enabled, unused",Sole party,"Digital, own app",Certified copies,Comparison site,"Under 5k, consistent",30 to 60 percent,Up to 10 percent,Employer and retail,Consistent,No,2024-10-10
NG-10034,Personal,Individual,Natural person,Employed or pension,No match,No match,United Kingdom,UK tax residence only,UK only,Current account with credit,Under 2k a month,Not enabled,Sole party,"Digital, own app","Electronic, two sources",Customer referral,"Under 5k, consistent",Up to 10 percent,Over 40 percent,Employer and retail,Consistent,No,2025-10-12
NG-10376,Limited company,"UK company, corporate owner",One or two UBOs,General trade,No match,No match,United Kingdom,"Further tax residence, unlisted",UK only,"Business account, cash and international",Over 10k a month,Regular payments,Sole party,"Digital, own app",Documents face to face,Direct,Unexplained,10 to 30 percent,None,Named businesses,Consistent,No,2025-01-16
NG-10295,Personal,Individual,Natural person,Employed or pension,No match,No match,United Kingdom,UK tax residence only,UK only,Current account with credit,Withdrawal only,"Enabled, unused",Sole party,"Digital, own app",Documents face to face,Register checked,"Under 5k, consistent",30 to 60 percent,None,Named businesses,Not credible,No,2024-01-26
NG-10302,Sole trader,Sole trader or joint,Natural person,"MSB, TCSP or HVD",No match,No match,United Kingdom,UK tax residence only,"Weaker AML, unlisted","Business account, basic",2k to 10k a month,Occasional payments,Power of attorney,"Digital, assisted",Documents face to face,Comparison site,"5k to 25k, consistent",No cash credits,None,Named businesses,Consistent,No,2025-01-03
NG-10083,Personal,Individual,Natural person,General trade,No match,No match,United Kingdom,"Further tax residence, monitored",UK only,Savings only,Under 2k a month,"Enabled, unused",Sole party,"Digital, own app","Electronic, two sources",Direct,"5k to 25k, consistent",Up to 10 percent,Up to 10 percent,Named businesses,Consistent,No,2024-10-29
NG-10332,Sole trader,Sole trader or joint,Natural person,Cash-intensive trade,No match,No match,United Kingdom,UK tax residence only,UK only,"Business account, basic",Under 2k a month,Occasional payments,Sole party,"Digital, own app","Electronic, two sources",Direct,"Over 25k, consistent",No cash credits,None,Many individuals,Consistent,No,2025-05-20
NG-10242,Personal,Individual,Natural person,Cash-intensive trade,No match,No match,United Kingdom,UK tax residence only,UK only,"Current account, no overdraft",2k to 10k a month,Not enabled,"Mandate, evidenced","Digital, own app",Uncorroborated documents,Customer referral,"Under 5k, consistent",No cash credits,None,Employer and retail,"Minor, explained",No,2024-12-23
NG-10165,Personal,Individual,Natural person,Employed or pension,No match,No match,United Kingdom,UK tax residence only,UK only,"Current account, no overdraft",Withdrawal only,Not enabled,Sole party,"Digital, own app","Electronic, two sources",Direct,"Under 5k, consistent",Up to 10 percent,None,Employer and retail,Unresolved,No,2024-06-22
NG-10187,Personal,Individual,Natural person,Employed or pension,No match,No match,United Kingdom,UK tax residence only,UK only,Current account with credit,Over 10k a month,Regular payments,"Joint, related",Branch,"Electronic, one source",Direct,"Under 5k, consistent",Up to 10 percent,None,Employer and retail,Consistent,No,2025-01-21
NG-10140,Personal,Individual,Natural person,General trade,No match,No match,United Kingdom,UK tax residence only,UK only,"Current account, no overdraft",No cash facility,Occasional payments,Sole party,"Digital, own app","Electronic, two sources",Direct,"Under 5k, consistent",Up to 10 percent,None,Employer and retail,Consistent,No,2024-04-04
NG-10147,Personal,Sole trader or joint,Natural person,Employed or pension,No match,No match,United Kingdom,UK tax residence only,UK only,Current account with credit,Withdrawal only,"Enabled, unused",Sole party,"Digital, assisted","Electronic, two sources",Direct,"5k to 25k, consistent",Up to 10 percent,Up to 10 percent,Employer and retail,Consistent,No,2024-04-05
NG-10319,Sole trader,Sole trader or joint,Natural person,General trade,No match,No match,United Kingdom,UK tax residence only,UK only,"Business account, basic",2k to 10k a month,Occasional payments,"Mandate, evidenced",Telephone and branch,"Electronic, one source",Direct,"Over 25k, consistent",30 to 60 percent,Up to 10 percent,Named businesses,Consistent,No,2025-02-18
NG-10286,Personal,Individual,Natural person,Employed or pension,No match,No match,United Kingdom,UK tax residence only,UK only,Savings only,Under 2k a month,Occasional payments,Sole party,"Digital, own app",Documents face to face,Register checked,"Under 5k, consistent",No cash credits,Up to 10 percent,Named businesses,Resolved on follow-up,No,2025-05-11
NG-10257,Personal,Individual,Natural person,Employed or pension,No match,No match,United Kingdom,UK tax residence only,UK only,Current account with credit,2k to 10k a month,"Enabled, unused","Joint, related","Digital, own app","Electronic, two sources",Customer referral,"Under 5k, consistent",Up to 10 percent,None,Employer and retail,Consistent,No,2025-06-08
NG-10156,Personal,Individual,Natural person,Employed or pension,No match,No match,United Kingdom,UK tax residence only,Unlisted countries,Savings only,Under 2k a month,Regular payments,Power of attorney,"Digital, own app","Electronic, one source",Comparison site,"Under 5k, consistent",10 to 30 percent,Over 40 percent,Many individuals,Consistent,No,2024-07-10
NG-10176,Personal,Sole trader or joint,Natural person,Employed or pension,No match,No match,United Kingdom,UK tax residence only,UK only,"Current account, no overdraft",2k to 10k a month,Not enabled,Sole party,"Digital, own app","Electronic, one source",Direct,"5k to 25k, consistent",10 to 30 percent,None,Employer and retail,Resolved on follow-up,No,2025-06-14
NG-10226,Personal,Individual,Natural person,Employed or pension,No match,No match,United Kingdom,UK tax residence only,UK only,"Current account, no overdraft",No cash facility,Not enabled,"Joint, related","Digital, own app",Documents face to face,Direct,Above sector expectation,No cash credits,None,Employer and retail,"Minor, explained",No,2025-01-01
NG-10278,Personal,Sole trader or joint,Natural person,Cash-intensive trade,No match,No match,United Kingdom,UK tax residence only,UK only,Current account with credit,Under 2k a month,Not enabled,"Joint, related","Digital, own app","Electronic, two sources",Comparison site,"Under 5k, consistent",No cash credits,Up to 10 percent,Employer and retail,Consistent,No,2025-08-14
NG-10293,Personal,Sole trader or joint,Natural person,Employed or pension,No match,No match,United Kingdom,"Further tax residence, call for action",UK only,Current account with credit,Under 2k a month,Regular payments,Sole party,"Digital, own app","Electronic, two sources",Comparison site,"Under 5k, consistent",Up to 10 percent,Over 40 percent,Employer and retail,Consistent,No,2025-10-17
NG-10103,Personal,Individual,Natural person,Regulated profession,No match,No match,United Kingdom,UK tax residence only,UK only,Current account with credit,Under 2k a month,Occasional payments,Sole party,"Digital, own app",Documents face to face,Direct,"Under 5k, consistent",No cash credits,None,Named businesses,Consistent,No,2024-02-29
NG-10210,Personal,Individual,Natural person,Employed or pension,No match,No match,United Kingdom,UK tax residence only,UK only,"Current account, no overdraft",Withdrawal only,"Enabled, unused","Mandate, evidenced","Digital, own app","Electronic, two sources",Customer referral,"Under 5k, consistent",Up to 10 percent,None,Employer and retail,Consistent,No,2024-02-07
NG-10370,Limited company,"Trust, nominee or overseas",One or two UBOs,General trade,No match,No match,United Kingdom,UK tax residence only,Unlisted countries,"Business account, basic",2k to 10k a month,Not enabled,"Mandate, evidenced","Digital, own app","Electronic, one source",Direct,Above sector expectation,No cash credits,Over 40 percent,Named businesses,Consistent,No,2024-12-23
NG-10244,Personal,Individual,Natural person,Cash-intensive trade,No match,"Adverse media, non-financial",United Kingdom,UK tax residence only,UK only,"Current account, no overdraft",Under 2k a month,Not enabled,Sole party,Branch,"Electronic, one source",Direct,"Under 5k, consistent",10 to 30 percent,10 to 40 percent,Employer and retail,Consistent,No,2024-08-30
NG-10059,Personal,Individual,Natural person,General trade,No match,No match,United Kingdom,"Further tax residence, monitored",UK only,"Current account, no overdraft",Withdrawal only,Not enabled,Sole party,"Digital, assisted","Electronic, two sources",Direct,"Under 5k, consistent",No cash credits,None,Employer and retail,"Minor, explained",No,2024-11-18
NG-10181,Personal,Individual,Natural person,Employed or pension,No match,No match,United Kingdom,UK tax residence only,UK only,Current account with credit,Under 2k a month,"Enabled, unused",Sole party,"Digital, own app","Electronic, one source",Comparison site,Above sector expectation,No cash credits,Up to 10 percent,Employer and retail,Consistent,No,2025-11-28
NG-10132,Personal,Individual,Natural person,Employed or pension,No match,No match,United Kingdom,UK tax residence only,UK only,Current account with credit,Withdrawal only,Not enabled,Sole party,"Digital, own app","Electronic, two sources",Customer referral,"Under 5k, consistent",No cash credits,Up to 10 percent,Sector 4 counterparties,Resolved on follow-up,No,2024-07-05
NG-10208,Personal,Individual,Natural person,General trade,No match,No match,United Kingdom,UK tax residence only,UK only,Savings only,Withdrawal only,"Enabled, unused",Sole party,Telephone and branch,"Electronic, two sources",Direct,"5k to 25k, consistent",10 to 30 percent,None,Employer and retail,Consistent,No,2025-12-23
NG-10123,Personal,Individual,Natural person,Cash-intensive trade,No match,No match,United Kingdom,UK tax residence only,UK only,"Current account, no overdraft",Withdrawal only,Occasional payments,Sole party,"Digital, own app","Electronic, one source",Direct,"Under 5k, consistent",No cash credits,None,Employer and retail,Consistent,No,2024-08-23
NG-10218,Personal,Individual,Natural person,General trade,No match,No match,United Kingdom,UK tax residence only,UK only,"Current account, no overdraft",Under 2k a month,Not enabled,Sole party,"Digital, assisted","Electronic, one source",Comparison site,"Under 5k, consistent",Up to 10 percent,None,Employer and retail,Consistent,No,2024-12-25
NG-10142,Personal,Individual,Natural person,Regulated profession,No match,No match,United Kingdom,"Further tax residence, unlisted",Unlisted countries,Savings only,No cash facility,"Enabled, unused",Sole party,"Digital, own app","Electronic, two sources",Direct,"Under 5k, consistent",No cash credits,None,Employer and retail,Consistent,No,2025-02-24
NG-10036,Personal,Sole trader or joint,Natural person,Employed or pension,No match,False positive,United Kingdom,UK tax residence only,UK only,Current account with credit,Under 2k a month,Not enabled,Sole party,"Digital, assisted","Electronic, two sources",Direct,"Under 5k, consistent",Up to 10 percent,None,Employer and retail,Consistent,No,2024-11-01
NG-10236,Personal,Individual,Natural person,Employed or pension,No match,No match,United Kingdom,UK tax residence only,UK only,Current account with credit,No cash facility,Not enabled,Sole party,"Digital, assisted","Electronic, two sources",Comparison site,"Under 5k, consistent",No cash credits,None,Named businesses,Consistent,No,2025-04-17
NG-10345,Sole trader,Sole trader or joint,Natural person,Cash-intensive trade,No match,No match,United Kingdom,"Further tax residence, unlisted",FATF call for action,"Business account, basic",Under 2k a month,Not enabled,Sole party,"Digital, own app","Electronic, one source",Direct,"Over 25k, consistent",10 to 30 percent,None,Named businesses,"Minor, explained",No,2024-06-22
NG-10363,Limited company,"UK company, natural owners",One or two UBOs,Regulated profession,No match,No match,United Kingdom,UK tax residence only,Unlisted countries,"Business account, cash and international",Over 10k a month,Not enabled,"Mandate, evidenced","Digital, own app","Electronic, one source",Register checked,"Over 25k, consistent",Up to 10 percent,Up to 10 percent,Sector 4 counterparties,Consistent,No,2025-01-22
NG-10219,Personal,Individual,Natural person,Employed or pension,No match,No match,United Kingdom,UK tax residence only,UK only,"Current account, no overdraft",Under 2k a month,"Enabled, unused",Sole party,Branch,"Electronic, one source",Direct,"Under 5k, consistent",10 to 30 percent,None,Sector 4 counterparties,Consistent,No,2025-05-06
NG-10214,Personal,Individual,Natural person,General trade,No match,No match,United Kingdom,UK tax residence only,FATF increased monitoring,Current account with credit,Withdrawal only,Occasional payments,Sole party,"Digital, own app","Electronic, two sources",Comparison site,"5k to 25k, consistent",No cash credits,None,Employer and retail,Consistent,No,2024-02-11
NG-10292,Personal,Individual,Natural person,Regulated profession,No match,No match,United Kingdom,UK tax residence only,UK only,"Current account, no overdraft",Withdrawal only,Not enabled,Sole party,Telephone and branch,"Electronic, one source",Comparison site,"Under 5k, consistent",Up to 10 percent,None,Employer and retail,Consistent,No,2024-02-11
NG-10071,Personal,Individual,Natural person,Employed or pension,Domestic PEP,No match,United Kingdom,UK tax residence only,UK only,"Current account, no overdraft",Under 2k a month,"Enabled, unused","Mandate, evidenced","Digital, own app",Documents face to face,Customer referral,"Under 5k, consistent",Up to 10 percent,Up to 10 percent,Employer and retail,Consistent,No,2025-11-13
NG-10134,Personal,Individual,Natural person,General trade,No match,No match,United Kingdom,UK tax residence only,UK only,Current account with credit,Under 2k a month,Not enabled,"Joint, related","Digital, assisted","Electronic, two sources",Customer referral,"5k to 25k, consistent",Up to 10 percent,None,Employer and retail,Consistent,No,2025-05-26
NG-10393,Limited company,"UK company, corporate owner",Three to five UBOs,General trade,No match,False positive,United Kingdom,UK tax residence only,FATF call for action,"Business account, basic",Under 2k a month,Not enabled,"Mandate, evidenced",Telephone and branch,Documents face to face,Direct,"5k to 25k, consistent",Up to 10 percent,Over 40 percent,Named businesses,Consistent,No,2025-06-19
NG-10009,Personal,Individual,Natural person,Regulated profession,No match,No match,United Kingdom,UK tax residence only,UK only,"Current account, no overdraft",Under 2k a month,"Enabled, unused",Sole party,"Digital, own app","Electronic, two sources",Direct,"5k to 25k, consistent",No cash credits,10 to 40 percent,Employer and retail,"Minor, explained",No,2024-09-01
NG-10343,Sole trader,Sole trader or joint,Natural person,"MSB, TCSP or HVD",No match,False positive,United Kingdom,UK tax residence only,UK only,"Business account, cash and international",Under 2k a month,"Enabled, unused",Sole party,"Digital, own app","Electronic, two sources",Direct,"Under 5k, consistent",No cash credits,None,Sector 4 counterparties,Consistent,No,2025-01-17
NG-10253,Personal,Individual,Natural person,General trade,No match,No match,United Kingdom,UK tax residence only,UK only,Current account with credit,No cash facility,Occasional payments,"Joint, related","Digital, own app",Documents face to face,Direct,"5k to 25k, consistent",No cash credits,None,Employer and retail,Consistent,Yes,2025-08-08
NG-10046,Personal,Sole trader or joint,Natural person,General trade,No match,No match,United Kingdom,UK tax residence only,UK only,"Current account, no overdraft",Under 2k a month,Not enabled,Sole party,"Digital, own app","Electronic, one source",Direct,"5k to 25k, consistent",No cash credits,None,Employer and retail,Consistent,No,2024-10-09
NG-10063,Personal,Individual,Natural person,General trade,No match,False positive,United Kingdom,"Further tax residence, unlisted",UK only,Current account with credit,Withdrawal only,"Enabled, unused","Joint, related","Digital, own app","Electronic, two sources",Direct,"Under 5k, consistent",10 to 30 percent,None,Employer and retail,Consistent,No,2025-11-19
NG-10212,Personal,Individual,Natural person,Employed or pension,No match,No match,United Kingdom,UK tax residence only,UK only,"Current account, no overdraft",Withdrawal only,Not enabled,Sole party,"Digital, own app","Electronic, two sources",Direct,"Under 5k, consistent",Up to 10 percent,10 to 40 percent,Employer and retail,Consistent,No,2024-08-10
NG-10320,Sole trader,Sole trader or joint,Natural person,Cash-intensive trade,No match,No match,United Kingdom,UK tax residence only,UK only,"Business account, basic",2k to 10k a month,Occasional payments,Sole party,"Digital, own app","Electronic, two sources",Register checked,"Under 5k, consistent",Up to 10 percent,None,Named businesses,"Minor, explained",No,2025-07-31
NG-10004,Personal,Individual,Natural person,Employed or pension,No match,No match,United Kingdom,UK tax residence only,UK only,Savings only,Under 2k a month,"Enabled, unused",Sole party,"Digital, own app",Documents face to face,Direct,"Under 5k, consistent",Up to 10 percent,None,Employer and retail,Consistent,No,2024-03-25
NG-10193,Personal,Sole trader or joint,Natural person,General trade,No match,No match,United Kingdom,"Further tax residence, unlisted",UK only,Current account with credit,Under 2k a month,Regular payments,"Joint, related","Digital, own app","Electronic, one source",Direct,"5k to 25k, consistent",Up to 10 percent,None,Employer and retail,Consistent,No,2025-05-30
NG-10122,Personal,Individual,Natural person,General trade,No match,No match,United Kingdom,UK tax residence only,Unlisted countries,Savings only,Withdrawal only,"Enabled, unused",Sole party,"Digital, own app","Electronic, two sources",Comparison site,Unexplained,10 to 30 percent,None,Employer and retail,Consistent,No,2024-07-24
NG-10299,Personal,Individual,Natural person,Regulated profession,No match,No match,United Kingdom,UK tax residence only,UK only,"Current account, no overdraft",Under 2k a month,"Enabled, unused","Mandate, evidenced","Digital, own app","Electronic, two sources",Direct,"Under 5k, consistent",No cash credits,None,Employer and retail,Consistent,No,2024-08-29
NG-10117,Personal,Individual,Natural person,Employed or pension,No match,No match,United Kingdom,UK tax residence only,UK only,"Current account, no overdraft",No cash facility,Not enabled,"Joint, related","Digital, own app",Documents face to face,Direct,"5k to 25k, consistent",10 to 30 percent,None,Employer and retail,Consistent,No,2025-07-07
NG-10335,Sole trader,Sole trader or joint,Natural person,Regulated profession,No match,No match,United Kingdom,UK tax residence only,Unlisted countries,"Business account, basic",Over 10k a month,Regular payments,Sole party,"Digital, assisted","Electronic, two sources",Direct,"Over 25k, consistent",30 to 60 percent,None,Employer and retail,Consistent,No,2025-08-23
NG-10084,Personal,Individual,Natural person,General trade,No match,No match,United Kingdom,UK tax residence only,UK only,"Current account, no overdraft",Withdrawal only,Occasional payments,Sole party,"Digital, own app",Documents face to face,Direct,"5k to 25k, consistent",10 to 30 percent,None,Employer and retail,Consistent,No,2024-11-19
NG-10102,Personal,Individual,Natural person,Employed or pension,No match,No match,United Kingdom,UK tax residence only,UK only,"Current account, no overdraft",Under 2k a month,"Enabled, unused",Sole party,Unsupervised intermediary,"Electronic, two sources",Direct,"Under 5k, consistent",Up to 10 percent,None,Named businesses,Consistent,No,2024-06-28
NG-10078,Personal,Individual,Natural person,Cash-intensive trade,No match,No match,United Kingdom,UK tax residence only,UK only,"Current account, no overdraft",Withdrawal only,Not enabled,Sole party,Branch,"Electronic, two sources",Direct,"Under 5k, consistent",No cash credits,Up to 10 percent,Employer and retail,Consistent,No,2025-02-04
NG-10026,Personal,Sole trader or joint,Natural person,Employed or pension,No match,No match,United Kingdom,UK tax residence only,UK only,"Current account, no overdraft",Withdrawal only,Not enabled,"Joint, related","Digital, own app","Electronic, one source",Direct,"Under 5k, consistent",No cash credits,None,Employer and retail,"Minor, explained",No,2024-05-30
NG-10254,Personal,Sole trader or joint,Natural person,General trade,No match,No match,United Kingdom,UK tax residence only,UK only,"Current account, no overdraft",Under 2k a month,Not enabled,Sole party,"Digital, own app","Electronic, two sources",Direct,"Under 5k, consistent",Over 60 percent,None,Named businesses,Consistent,No,2025-04-15
NG-10015,Personal,Individual,Natural person,General trade,No match,No match,United Kingdom,UK tax residence only,UK only,Current account with credit,Withdrawal only,Not enabled,"Joint, related",Branch,"Electronic, two sources",Direct,"Under 5k, consistent",No cash credits,None,Employer and retail,Consistent,No,2024-12-16
NG-10315,Sole trader,Sole trader or joint,Natural person,Cash-intensive trade,No match,No match,United Kingdom,UK tax residence only,Unlisted countries,"Business account, basic",2k to 10k a month,Not enabled,Sole party,"Digital, own app",Documents face to face,Direct,"5k to 25k, consistent",30 to 60 percent,Up to 10 percent,Undescribed or sector 5,Resolved on follow-up,No,2025-01-24
NG-10382,Limited company,"UK company, corporate owner","Two layers, evidenced","MSB, TCSP or HVD",No match,No match,United Kingdom,UK tax residence only,UK only,"Business account, cash and international",Over 10k a month,"Enabled, unused","Mandate, evidenced","Digital, own app",Certified copies,Direct,"5k to 25k, consistent",10 to 30 percent,None,Named businesses,Consistent,No,2024-07-11
NG-10006,Personal,Individual,Natural person,General trade,No match,No match,United Kingdom,UK tax residence only,UK only,Current account with credit,Under 2k a month,Not enabled,Sole party,"Digital, assisted",Documents face to face,Customer referral,"Under 5k, consistent",No cash credits,Up to 10 percent,Employer and retail,Consistent,No,2025-01-26
NG-10158,Personal,Individual,Natural person,General trade,No match,No match,United Kingdom,UK tax residence only,Unlisted countries,"Current account, no overdraft",Under 2k a month,Occasional payments,Sole party,"Digital, assisted","Electronic, two sources",Direct,"Under 5k, consistent",Up to 10 percent,Up to 10 percent,Employer and retail,Consistent,No,2025-03-05
NG-10256,Personal,Individual,Natural person,Employed or pension,No match,No match,United Kingdom,UK tax residence only,Unlisted countries,Current account with credit,Withdrawal only,"Enabled, unused",Sole party,"Digital, own app","Electronic, two sources",Customer referral,"5k to 25k, consistent",No cash credits,None,Employer and retail,Consistent,No,2025-09-02
NG-10344,Sole trader,Sole trader or joint,Natural person,Cash-intensive trade,PEP family or associate,No match,United Kingdom,UK tax residence only,UK only,"Business account, basic",Over 10k a month,Occasional payments,Sole party,"Digital, own app",Certified copies,Comparison site,"5k to 25k, consistent",Up to 10 percent,None,Many individuals,Consistent,No,2024-09-23
NG-10066,Personal,Individual,Natural person,Employed or pension,No match,No match,United Kingdom,"Further tax residence, unlisted",UK only,"Current account, no overdraft",Under 2k a month,Not enabled,Sole party,Branch,"Electronic, one source",Direct,"Under 5k, consistent",10 to 30 percent,None,Employer and retail,Consistent,No,2025-09-30
NG-10145,Personal,Sole trader or joint,Natural person,Employed or pension,No match,No match,United Kingdom,UK tax residence only,UK only,"Current account, no overdraft",Under 2k a month,Not enabled,Sole party,"Digital, own app","Electronic, two sources",Direct,"Under 5k, consistent",10 to 30 percent,None,Employer and retail,Consistent,No,2025-07-20
NG-10202,Personal,Individual,Natural person,"MSB, TCSP or HVD",No match,No match,United Kingdom,UK tax residence only,UK only,Savings only,Under 2k a month,"Enabled, unused","Joint, related","Digital, own app","Electronic, two sources",Direct,"Under 5k, consistent",Up to 10 percent,None,Employer and retail,Consistent,No,2025-10-26
NG-10339,Sole trader,Sole trader or joint,Natural person,Cash-intensive trade,No match,No match,United Kingdom,UK tax residence only,UK only,"Business account, cash and international",Withdrawal only,"Enabled, unused",Sole party,"Digital, own app","Electronic, two sources",Comparison site,"Over 25k, consistent",Over 60 percent,None,Many individuals,Consistent,No,2024-11-15
NG-10294,Personal,Sole trader or joint,Natural person,General trade,No match,No match,United Kingdom,UK tax residence only,UK only,Savings only,Withdrawal only,"Enabled, unused",Sole party,"Digital, own app","Electronic, two sources",Direct,"5k to 25k, consistent",No cash credits,None,Employer and retail,Consistent,No,2025-07-26
NG-10011,Personal,Individual,Natural person,Employed or pension,No match,No match,United Kingdom,UK tax residence only,UK only,Current account with credit,Under 2k a month,Not enabled,Sole party,"Digital, own app",Documents face to face,Direct,"Under 5k, consistent",Up to 10 percent,None,Employer and retail,Consistent,No,2025-06-01
NG-10303,Sole trader,Sole trader or joint,Natural person,General trade,No match,No match,United Kingdom,UK tax residence only,UK only,"Business account, basic",2k to 10k a month,Not enabled,Sole party,Branch,"Electronic, one source",Direct,"5k to 25k, consistent",10 to 30 percent,None,Named businesses,Consistent,No,2025-11-19
NG-10030,Personal,Individual,Natural person,Cash-intensive trade,No match,No match,United Kingdom,UK tax residence only,UK only,"Current account, no overdraft",Withdrawal only,"Enabled, unused",Sole party,"Digital, own app","Electronic, two sources",Customer referral,"Under 5k, consistent",No cash credits,None,Named businesses,Consistent,No,2025-01-27
NG-10093,Personal,Individual,Natural person,General trade,No match,No match,United Kingdom,UK tax residence only,UK only,"Current account, no overdraft",Withdrawal only,Not enabled,"Joint, related","Digital, own app","Electronic, one source",Direct,"Under 5k, consistent",No cash credits,10 to 40 percent,Employer and retail,Consistent,No,2024-03-10
NG-10377,Limited company,"UK company, natural owners",One or two UBOs,Regulated profession,No match,False positive,United Kingdom,UK tax residence only,UK only,"Business account, basic",2k to 10k a month,Occasional payments,"Mandate, evidenced","Digital, assisted","Electronic, two sources",Direct,"5k to 25k, consistent",No cash credits,Up to 10 percent,Many individuals,Consistent,No,2024-01-11
NG-10160,Personal,Individual,Natural person,Employed or pension,No match,No match,United Kingdom,UK tax residence only,UK only,"Current account, no overdraft",Withdrawal only,Not enabled,Sole party,Telephone and branch,"Electronic, two sources",Direct,"Under 5k, consistent",Up to 10 percent,10 to 40 percent,Employer and retail,Consistent,No,2024-01-12
NG-10154,Personal,Individual,Natural person,Regulated profession,No match,No match,United Kingdom,UK tax residence only,Unlisted countries,"Current account, no overdraft",Under 2k a month,Not enabled,Sole party,"Digital, own app","Electronic, two sources",Direct,"Under 5k, consistent",Up to 10 percent,None,Employer and retail,"Minor, explained",No,2024-05-28
NG-10396,Limited company,"UK company, natural owners",One or two UBOs,"MSB, TCSP or HVD",No match,No match,United Kingdom,UK tax residence only,"Weaker AML, unlisted","Business account, basic",No cash facility,Occasional payments,Sole party,"Digital, own app",Uncorroborated documents,Direct,"5k to 25k, consistent",10 to 30 percent,None,Named businesses,"Minor, explained",No,2024-05-09
NG-10094,Personal,Individual,Natural person,Employed or pension,No match,No match,United Kingdom,UK tax residence only,Unlisted countries,Current account with credit,Withdrawal only,Regular payments,"Joint, related","Digital, own app","Electronic, two sources",Direct,"Under 5k, consistent",Up to 10 percent,Up to 10 percent,Named businesses,Consistent,No,2024-04-20
NG-10355,Sole trader,Sole trader or joint,Natural person,Employed or pension,No match,No match,United Kingdom,UK tax residence only,UK only,"Business account, basic",2k to 10k a month,"Enabled, unused","Mandate, evidenced","Digital, own app","Electronic, one source",Direct,"Over 25k, consistent",10 to 30 percent,None,Named businesses,Consistent,No,2025-03-27
NG-10043,Personal,Individual,Natural person,General trade,No match,No match,United Kingdom,UK tax residence only,Unlisted countries,"Current account, no overdraft",Withdrawal only,"Enabled, unused","Joint, related","Digital, assisted","Electronic, two sources",Register checked,Above sector expectation,Up to 10 percent,Up to 10 percent,Employer and retail,Consistent,No,2025-05-01
NG-10232,Personal,Individual,Natural person,General trade,No match,No match,United Kingdom,UK tax residence only,Unlisted countries,"Current account, no overdraft",2k to 10k a month,Occasional payments,"Joint, related",Telephone and branch,"Electronic, two sources",Direct,"Under 5k, consistent",No cash credits,None,Employer and retail,Consistent,No,2024-05-06
NG-10379,Limited company,"UK company, natural owners",Three to five UBOs,Cash-intensive trade,No match,"Adverse media, financial crime",United Kingdom,UK tax residence only,Unlisted countries,"Business account, basic",2k to 10k a month,Not enabled,Sole party,Branch,"Electronic, two sources",Customer referral,"5k to 25k, consistent",30 to 60 percent,None,Sector 4 counterparties,Consistent,No,2025-06-24
NG-10358,Sole trader,Sole trader or joint,Natural person,Regulated profession,No match,No match,United Kingdom,UK tax residence only,UK only,"Business account, cash and international",Over 10k a month,Not enabled,Sole party,"Digital, own app","Electronic, two sources",Direct,Above sector expectation,30 to 60 percent,Up to 10 percent,Employer and retail,Resolved on follow-up,No,2025-12-30
NG-10074,Personal,Sole trader or joint,Natural person,Employed or pension,No match,No match,United Kingdom,UK tax residence only,UK only,Current account with credit,Withdrawal only,Occasional payments,"Mandate, evidenced","Digital, assisted","Electronic, two sources",Direct,"Under 5k, consistent",Up to 10 percent,None,Employer and retail,Consistent,No,2025-12-21
NG-10020,Personal,Individual,Natural person,Employed or pension,No match,No match,United Kingdom,UK tax residence only,UK only,Current account with credit,Withdrawal only,Not enabled,Sole party,"Digital, own app","Electronic, two sources",Direct,"5k to 25k, consistent",Up to 10 percent,None,Employer and retail,Consistent,No,2024-05-24
NG-10276,Personal,Sole trader or joint,Natural person,General trade,No match,False positive,United Kingdom,UK tax residence only,UK only,Current account with credit,Withdrawal only,"Enabled, unused",Sole party,"Digital, own app","Electronic, two sources",Direct,"Under 5k, consistent",No cash credits,Up to 10 percent,Many individuals,Consistent,No,2025-11-27
NG-10180,Personal,Individual,Natural person,Employed or pension,No match,No match,United Kingdom,UK tax residence only,UK only,"Current account, no overdraft",Withdrawal only,"Enabled, unused",Sole party,Branch,"Electronic, two sources",Comparison site,"Under 5k, consistent",10 to 30 percent,None,Employer and retail,Consistent,No,2024-08-07
NG-10028,Personal,Individual,Natural person,Employed or pension,No match,No match,United Kingdom,UK tax residence only,UK only,Savings only,Under 2k a month,Not enabled,"Joint, related","Digital, own app","Electronic, one source",Direct,"Under 5k, consistent",Up to 10 percent,None,Named businesses,Consistent,No,2024-12-29
NG-10045,Personal,Individual,Natural person,Employed or pension,No match,No match,United Kingdom,UK tax residence only,UK only,"Current account, no overdraft",2k to 10k a month,Not enabled,"Joint, related",Branch,Documents face to face,Direct,"Under 5k, consistent",Up to 10 percent,None,Employer and retail,Consistent,No,2024-05-08
NG-10314,Sole trader,Sole trader or joint,Natural person,Regulated profession,No match,No match,United Kingdom,UK tax residence only,Unlisted countries,"Business account, cash and international",2k to 10k a month,Regular payments,Sole party,"Digital, own app","Electronic, one source",Direct,"5k to 25k, consistent",10 to 30 percent,10 to 40 percent,Many individuals,"Minor, explained",No,2024-03-02
NG-10077,Personal,Individual,Natural person,Employed or pension,No match,No match,United Kingdom,UK tax residence only,Unlisted countries,"Current account, no overdraft",Withdrawal only,Occasional payments,Sole party,Telephone and branch,"Electronic, two sources",Customer referral,Above sector expectation,Up to 10 percent,Over 40 percent,Employer and retail,Consistent,No,2025-07-14
NG-10306,Sole trader,Sole trader or joint,Natural person,General trade,No match,No match,United Kingdom,UK tax residence only,UK only,"Business account, basic",Over 10k a month,Not enabled,"Joint, related","Digital, assisted","Electronic, two sources",Direct,Above sector expectation,10 to 30 percent,None,Employer and retail,Consistent,No,2025-03-18
NG-10097,Personal,Individual,Natural person,Regulated profession,No match,No match,United Kingdom,"Further tax residence, unlisted",UK only,Current account with credit,Under 2k a month,"Enabled, unused","Joint, related","Digital, assisted",Documents face to face,Customer referral,"5k to 25k, consistent",No cash credits,Up to 10 percent,Named businesses,Consistent,No,2024-03-20
NG-10312,Sole trader,Sole trader or joint,Natural person,"MSB, TCSP or HVD",No match,"Adverse media, unproven",United Kingdom,UK tax residence only,UK only,"Business account, basic",Under 2k a month,Not enabled,Sole party,Branch,"Electronic, two sources",Direct,"5k to 25k, consistent",30 to 60 percent,None,Undescribed or sector 5,Unresolved,No,2024-07-18
NG-10248,Personal,Individual,Natural person,Employed or pension,No match,No match,United Kingdom,UK tax residence only,UK only,Savings only,Withdrawal only,Not enabled,Sole party,"Digital, own app",Documents face to face,Direct,"Under 5k, consistent",Up to 10 percent,None,Employer and retail,Consistent,No,2025-05-07
NG-10192,Personal,Sole trader or joint,Natural person,General trade,No match,No match,United Kingdom,UK tax residence only,"Weaker AML, unlisted",Current account with credit,Under 2k a month,Not enabled,Sole party,"Digital, own app","Electronic, one source",Direct,"Under 5k, consistent",No cash credits,Up to 10 percent,Employer and retail,Consistent,No,2025-07-01
NG-10238,Personal,Sole trader or joint,Natural person,General trade,No match,No match,United Kingdom,UK tax residence only,UK only,Current account with credit,Under 2k a month,"Enabled, unused",Sole party,"Digital, own app",Documents face to face,Direct,"Under 5k, consistent",No cash credits,Up to 10 percent,Named businesses,Consistent,No,2024-06-06
NG-10309,Sole trader,Sole trader or joint,Natural person,General trade,No match,No match,United Kingdom,UK tax residence only,FATF increased monitoring,"Business account, basic",Withdrawal only,Occasional payments,Sole party,"Digital, own app","Electronic, two sources",Direct,"Over 25k, consistent",Up to 10 percent,None,Many individuals,Consistent,No,2025-03-29
NG-10166,Personal,Individual,Natural person,Employed or pension,No match,No match,United Kingdom,"Further tax residence, unlisted",UK only,Savings only,Under 2k a month,Not enabled,Sole party,"Digital, own app","Electronic, two sources",Direct,"Under 5k, consistent",No cash credits,Up to 10 percent,Employer and retail,"Minor, explained",No,2024-07-20
NG-10095,Personal,Individual,Natural person,Employed or pension,No match,No match,United Kingdom,UK tax residence only,UK only,"Current account, no overdraft",Withdrawal only,"Enabled, unused",Sole party,Unsupervised intermediary,"Electronic, two sources",Direct,"5k to 25k, consistent",10 to 30 percent,Up to 10 percent,Employer and retail,Consistent,No,2025-12-16
NG-10268,Personal,Sole trader or joint,Natural person,Employed or pension,PEP family or associate,No match,United Kingdom,UK tax residence only,UK only,"Current account, no overdraft",Withdrawal only,Occasional payments,Sole party,"Digital, assisted","Electronic, one source",Register not confirmed,"5k to 25k, consistent",Up to 10 percent,None,Sector 4 counterparties,Consistent,No,2024-02-16
NG-10167,Personal,Individual,Natural person,General trade,No match,No match,United Kingdom,UK tax residence only,UK only,Savings only,Withdrawal only,Occasional payments,"Joint, related","Digital, assisted",Documents face to face,Customer referral,"Under 5k, consistent",Up to 10 percent,None,Employer and retail,Consistent,No,2025-06-22
NG-10321,Sole trader,Sole trader or joint,Natural person,Cash-intensive trade,No match,No match,United Kingdom,UK tax residence only,Unlisted countries,"Business account, basic",2k to 10k a month,"Enabled, unused",Sole party,"Digital, own app","Electronic, two sources",Register checked,"Under 5k, consistent",10 to 30 percent,Over 40 percent,Named businesses,Consistent,No,2025-04-04
NG-10348,Sole trader,Sole trader or joint,Natural person,General trade,No match,"Adverse media, non-financial",United Kingdom,UK tax residence only,"Weaker AML, unlisted","Business account, basic",Under 2k a month,"Enabled, unused",Sole party,"Digital, assisted","Electronic, one source",Direct,"5k to 25k, consistent",Over 60 percent,10 to 40 percent,Named businesses,"Minor, explained",No,2024-01-01
NG-10308,Sole trader,Sole trader or joint,Natural person,Cash-intensive trade,No match,No match,United Kingdom,UK tax residence only,UK only,"Business account, cash and international",Under 2k a month,Regular payments,Sole party,"Digital, assisted","Electronic, two sources",Register checked,"Over 25k, consistent",10 to 30 percent,None,Employer and retail,Consistent,No,2025-05-25
NG-10223,Personal,Individual,Natural person,Regulated profession,No match,No match,United Kingdom,"Further tax residence, unlisted",UK only,"Current account, no overdraft",Withdrawal only,Not enabled,Sole party,Branch,"Electronic, two sources",Comparison site,"Under 5k, consistent",30 to 60 percent,Up to 10 percent,Employer and retail,Consistent,No,2024-04-15
NG-10341,Sole trader,Sole trader or joint,Natural person,General trade,No match,False positive,United Kingdom,UK tax residence only,UK only,"Business account, basic",2k to 10k a month,Occasional payments,Sole party,"Digital, assisted","Electronic, two sources",Direct,"Under 5k, consistent",30 to 60 percent,None,Many individuals,Consistent,No,2025-04-15
NG-10207,Personal,Individual,Natural person,Employed or pension,No match,No match,United Kingdom,"Further tax residence, unlisted","Weaker AML, unlisted",Current account with credit,Withdrawal only,Regular payments,Sole party,"Digital, assisted",Documents face to face,Register checked,"Under 5k, consistent",Up to 10 percent,None,Employer and retail,Consistent,No,2025-01-09
NG-10362,Limited company,"UK company, natural owners",One or two UBOs,Regulated profession,No match,No match,United Kingdom,UK tax residence only,UK only,"Business account, basic",Withdrawal only,Occasional payments,Unexplained signatories,"Digital, own app","Electronic, two sources",Comparison site,"Over 25k, consistent",30 to 60 percent,Up to 10 percent,Employer and retail,Resolved on follow-up,No,2024-12-22
NG-10328,Sole trader,Sole trader or joint,Natural person,Regulated profession,No match,No match,United Kingdom,UK tax residence only,UK only,"Business account, basic",Under 2k a month,Not enabled,Power of attorney,"Digital, own app","Electronic, one source",Direct,Above sector expectation,Over 60 percent,None,Named businesses,Consistent,No,2024-07-10
NG-10287,Personal,Individual,Natural person,Regulated profession,No match,False positive,United Kingdom,UK tax residence only,UK only,Current account with credit,Withdrawal only,Regular payments,"Mandate, evidenced",Unsupervised intermediary,"Electronic, two sources",Comparison site,"Under 5k, consistent",10 to 30 percent,None,Employer and retail,Consistent,No,2025-05-08
NG-10085,Personal,Sole trader or joint,Natural person,Employed or pension,No match,No match,United Kingdom,UK tax residence only,UK only,Current account with credit,Withdrawal only,Not enabled,Sole party,"Digital, assisted","Electronic, one source",Direct,"Under 5k, consistent",Up to 10 percent,None,Employer and retail,Consistent,No,2024-07-28
NG-10133,Personal,Individual,Natural person,General trade,No match,No match,United Kingdom,UK tax residence only,Unlisted countries,Current account with credit,Under 2k a month,Occasional payments,"Joint, related","Digital, own app","Electronic, two sources",Comparison site,"Under 5k, consistent",No cash credits,10 to 40 percent,Named businesses,Resolved on follow-up,No,2024-05-25
NG-10168,Personal,Individual,Natural person,Employed or pension,No match,No match,United Kingdom,UK tax residence only,Unlisted countries,Savings only,Withdrawal only,Occasional payments,"Mandate, evidenced","Digital, assisted","Electronic, one source",Direct,"5k to 25k, consistent",10 to 30 percent,Up to 10 percent,Many individuals,Consistent,No,2025-08-21
NG-10375,Limited company,"UK company, natural owners",Three to five UBOs,Cash-intensive trade,No match,No match,United Kingdom,UK tax residence only,UK only,"Business account, basic",2k to 10k a month,Occasional payments,Power of attorney,"Digital, own app",Documents face to face,Direct,"Over 25k, consistent",No cash credits,10 to 40 percent,Employer and retail,"Minor, explained",No,2024-11-04
NG-10076,Personal,Individual,Natural person,Employed or pension,No match,No match,United Kingdom,UK tax residence only,UK only,Current account with credit,Under 2k a month,Not enabled,Sole party,Telephone and branch,"Electronic, two sources",Direct,"5k to 25k, consistent",No cash credits,Up to 10 percent,Named businesses,Consistent,No,2025-03-28
NG-10275,Personal,Sole trader or joint,Natural person,Employed or pension,No match,No match,United Kingdom,UK tax residence only,UK only,Current account with credit,Withdrawal only,Occasional payments,Sole party,"Digital, own app","Electronic, two sources",Direct,"5k to 25k, consistent",Up to 10 percent,None,Employer and retail,Consistent,No,2025-11-08
NG-10150,Personal,Individual,Natural person,Employed or pension,No match,No match,United Kingdom,UK tax residence only,UK only,Current account with credit,No cash facility,"Enabled, unused","Joint, related","Digital, own app","Electronic, two sources",Comparison site,"Under 5k, consistent",No cash credits,None,Undescribed or sector 5,Consistent,No,2024-10-01
NG-10029,Personal,Individual,Natural person,Regulated profession,No match,No match,United Kingdom,UK tax residence only,UK only,Current account with credit,Withdrawal only,Occasional payments,Sole party,Telephone and branch,"Electronic, two sources",Comparison site,"Under 5k, consistent",No cash credits,None,Employer and retail,Consistent,No,2024-04-20
NG-10213,Personal,Individual,Natural person,Cash-intensive trade,No match,No match,United Kingdom,UK tax residence only,UK only,"Current account, no overdraft",Under 2k a month,Regular payments,Sole party,"Digital, own app","Electronic, two sources",Direct,"Under 5k, consistent",10 to 30 percent,None,Employer and retail,Consistent,No,2025-07-12
NG-10356,Sole trader,Sole trader or joint,Natural person,Regulated profession,No match,No match,United Kingdom,UK tax residence only,"Weaker AML, unlisted","Business account, basic",Withdrawal only,Payments to listed country,Sole party,"Digital, assisted","Electronic, two sources",Direct,"5k to 25k, consistent",10 to 30 percent,None,Named businesses,Consistent,No,2025-03-14
NG-10353,Sole trader,Sole trader or joint,Natural person,Regulated profession,No match,No match,United Kingdom,UK tax residence only,UK only,"Business account, cash and international",Over 10k a month,Not enabled,Sole party,Telephone and branch,"Electronic, two sources",Direct,"5k to 25k, consistent",10 to 30 percent,10 to 40 percent,Many individuals,Consistent,No,2025-09-28
NG-10364,Limited company,"UK company, corporate owner",Three to five UBOs,Cash-intensive trade,No match,No match,United Kingdom,UK tax residence only,UK only,"Business account, cash and international",2k to 10k a month,Occasional payments,"Mandate, evidenced",Telephone and branch,"Electronic, two sources",Direct,"5k to 25k, consistent",No cash credits,10 to 40 percent,Named businesses,Consistent,No,2025-05-28
NG-10260,Personal,Individual,Natural person,Employed or pension,No match,No match,United Kingdom,UK tax residence only,UK only,Current account with credit,2k to 10k a month,"Enabled, unused",Sole party,"Digital, own app","Electronic, two sources",Direct,"Under 5k, consistent",No cash credits,None,Employer and retail,Consistent,No,2025-11-21
NG-10394,Limited company,"UK company, natural owners","Two layers, evidenced",Cash-intensive trade,No match,No match,United Kingdom,UK tax residence only,UK only,"Business account, basic",Under 2k a month,Occasional payments,Sole party,Branch,Certified copies,Direct,Above sector expectation,10 to 30 percent,Up to 10 percent,Many individuals,Consistent,No,2024-08-03
NG-10081,Personal,Individual,Natural person,Regulated profession,No match,No match,United Kingdom,UK tax residence only,UK only,Savings only,Withdrawal only,Not enabled,Sole party,"Digital, own app","Electronic, two sources",Direct,"Under 5k, consistent",Up to 10 percent,None,Named businesses,Consistent,No,2024-02-17
NG-10225,Personal,Individual,Natural person,Employed or pension,No match,No match,United Kingdom,UK tax residence only,UK only,Current account with credit,Withdrawal only,"Enabled, unused",Sole party,"Digital, own app","Electronic, one source",Direct,"Under 5k, consistent",Up to 10 percent,None,Employer and retail,"Minor, explained",No,2024-12-08
NG-10098,Personal,Individual,Natural person,Employed or pension,No match,No match,United Kingdom,UK tax residence only,UK only,Current account with credit,Under 2k a month,Not enabled,Sole party,"Digital, own app",Certified copies,Direct,"5k to 25k, consistent",Up to 10 percent,None,Employer and retail,Consistent,No,2025-01-17
NG-10152,Personal,Individual,Natural person,Employed or pension,No match,No match,United Kingdom,UK tax residence only,UK only,Current account with credit,Withdrawal only,"Enabled, unused",Sole party,"Digital, assisted","Electronic, one source",Direct,"Under 5k, consistent",Up to 10 percent,None,Employer and retail,Consistent,No,2024-02-25
NG-10033,Personal,Individual,Natural person,Employed or pension,No match,No match,United Kingdom,UK tax residence only,UK only,"Current account, no overdraft",Withdrawal only,Occasional payments,"Mandate, evidenced","Digital, own app","Electronic, one source",Customer referral,"Under 5k, consistent",Up to 10 percent,None,Employer and retail,Consistent,No,2025-11-03
NG-10014,Personal,Individual,Natural person,Employed or pension,No match,No match,United Kingdom,UK tax residence only,UK only,Current account with credit,Under 2k a month,Regular payments,Sole party,Branch,"Electronic, two sources",Direct,"Under 5k, consistent",No cash credits,None,Employer and retail,Consistent,No,2025-10-23
NG-10109,Personal,Individual,Natural person,General trade,No match,No match,United Kingdom,UK tax residence only,Unlisted countries,Current account with credit,Withdrawal only,Not enabled,Sole party,"Digital, assisted","Electronic, two sources",Direct,"Under 5k, consistent",Up to 10 percent,None,Employer and retail,Consistent,No,2025-02-09
NG-10191,Personal,Individual,Natural person,Employed or pension,No match,No match,United Kingdom,UK tax residence only,UK only,Current account with credit,Under 2k a month,Occasional payments,Sole party,"Digital, own app","Electronic, two sources",Direct,"Under 5k, consistent",Up to 10 percent,None,Employer and retail,Consistent,No,2025-08-15
NG-10388,Limited company,"UK company, corporate owner",One or two UBOs,Regulated profession,No match,No match,United Kingdom,UK tax residence only,UK only,"Business account, basic",2k to 10k a month,"Enabled, unused",Power of attorney,"Digital, own app",Documents face to face,Comparison site,"Over 25k, consistent",Over 60 percent,Up to 10 percent,Many individuals,"Minor, explained",No,2024-12-17
NG-10251,Personal,Individual,Natural person,Employed or pension,No match,No match,United Kingdom,UK tax residence only,UK only,Current account with credit,Withdrawal only,Not enabled,Sole party,"Digital, own app",Certified copies,Direct,"Under 5k, consistent",No cash credits,None,Employer and retail,"Minor, explained",No,2024-04-04
NG-10249,Personal,Individual,Natural person,General trade,No match,No match,United Kingdom,UK tax residence only,UK only,"Current account, no overdraft",No cash facility,Occasional payments,Sole party,"Digital, own app","Electronic, two sources",Customer referral,"Under 5k, consistent",Up to 10 percent,10 to 40 percent,Employer and retail,Consistent,No,2024-10-13
NG-10224,Personal,Sole trader or joint,Natural person,Employed or pension,No match,No match,United Kingdom,UK tax residence only,UK only,"Current account, no overdraft",2k to 10k a month,"Enabled, unused",Sole party,"Digital, assisted","Electronic, two sources",Customer referral,"Under 5k, consistent",No cash credits,None,Employer and retail,Consistent,No,2024-07-14
NG-10057,Personal,Individual,Natural person,Regulated profession,No match,No match,United Kingdom,UK tax residence only,UK only,Current account with credit,No cash facility,Occasional payments,Sole party,"Digital, own app","Electronic, two sources",Direct,"Under 5k, consistent",10 to 30 percent,None,Employer and retail,Consistent,No,2025-10-17
NG-10273,Personal,Individual,Natural person,Employed or pension,No match,No match,United Kingdom,"Further tax residence, unlisted",Unlisted countries,Current account with credit,No cash facility,"Enabled, unused",Sole party,"Digital, own app",Documents face to face,Direct,"Under 5k, consistent",Up to 10 percent,None,Employer and retail,Consistent,No,2025-01-20
NG-10200,Personal,Sole trader or joint,Natural person,Employed or pension,No match,No match,United Kingdom,UK tax residence only,UK only,"Current account, no overdraft",2k to 10k a month,Regular payments,Sole party,"Digital, own app","Electronic, two sources",Comparison site,"5k to 25k, consistent",30 to 60 percent,None,Employer and retail,Consistent,No,2025-11-14
NG-10005,Personal,Sole trader or joint,Natural person,Employed or pension,No match,No match,United Kingdom,UK tax residence only,UK only,"Current account, no overdraft",Withdrawal only,Not enabled,Sole party,"Digital, own app","Electronic, two sources",Direct,"Under 5k, consistent",No cash credits,None,Employer and retail,Consistent,No,2024-05-10
NG-10397,Limited company,"UK company, natural owners","Nominee, bearer or unevidenced","MSB, TCSP or HVD",No match,No match,United Kingdom,"Further tax residence, unlisted",UK only,"Business account, basic",Under 2k a month,Regular payments,Sole party,"Digital, own app","Electronic, one source",Direct,"5k to 25k, consistent",10 to 30 percent,None,Named businesses,Resolved on follow-up,No,2024-11-26
NG-10398,Limited company,"UK company, natural owners",Three to five UBOs,General trade,No match,No match,United Kingdom,UK tax residence only,UK only,"Business account, cash and international",Under 2k a month,"Enabled, unused",Sole party,Branch,Documents face to face,Direct,"5k to 25k, consistent",30 to 60 percent,None,Named businesses,Consistent,No,2024-05-03
NG-10367,Limited company,"UK company, natural owners",Three to five UBOs,Cash-intensive trade,No match,No match,United Kingdom,UK tax residence only,UK only,"Business account, basic",Withdrawal only,"Enabled, unused","Mandate, evidenced","Digital, own app","Electronic, one source",Customer referral,"Under 5k, consistent",No cash credits,Up to 10 percent,Many individuals,"Minor, explained",No,2024-06-13
NG-10100,Personal,Individual,Natural person,Employed or pension,No match,No match,United Kingdom,UK tax residence only,UK only,Current account with credit,Under 2k a month,"Enabled, unused",Sole party,"Digital, own app","Electronic, two sources",Direct,"Under 5k, consistent",Up to 10 percent,Up to 10 percent,Named businesses,Resolved on follow-up,No,2024-10-21
NG-10255,Personal,Sole trader or joint,Natural person,General trade,No match,No match,United Kingdom,UK tax residence only,Unlisted countries,Current account with credit,No cash facility,"Enabled, unused",Sole party,"Digital, own app",Documents face to face,Direct,"Under 5k, consistent",10 to 30 percent,None,Employer and retail,Consistent,No,2024-04-25
NG-10241,Personal,Sole trader or joint,Natural person,Employed or pension,No match,No match,United Kingdom,UK tax residence only,UK only,Savings only,Under 2k a month,Not enabled,Sole party,"Digital, own app","Electronic, two sources",Customer referral,"5k to 25k, consistent",10 to 30 percent,None,Employer and retail,Consistent,No,2024-10-09
NG-10280,Personal,Individual,Natural person,General trade,No match,No match,United Kingdom,UK tax residence only,"Weaker AML, unlisted",Current account with credit,Withdrawal only,"Enabled, unused",Sole party,"Digital, own app",Documents face to face,Direct,"Under 5k, consistent",No cash credits,None,Employer and retail,Consistent,No,2024-03-23
NG-10366,Limited company,"UK company, natural owners",One or two UBOs,Cash-intensive trade,No match,"Adverse media, non-financial",United Kingdom,"Further tax residence, unlisted",UK only,"Business account, cash and international",Withdrawal only,Occasional payments,"Mandate, evidenced","Digital, own app",Documents face to face,Direct,"Under 5k, consistent",10 to 30 percent,None,Named businesses,Consistent,No,2025-02-12
NG-10233,Personal,Individual,Natural person,General trade,No match,No match,United Kingdom,UK tax residence only,UK only,Current account with credit,Withdrawal only,"Enabled, unused","Mandate, evidenced","Digital, own app","Electronic, two sources",Direct,"5k to 25k, consistent",No cash credits,None,Many individuals,Consistent,No,2025-05-22
NG-10072,Personal,Individual,Natural person,Employed or pension,No match,No match,United Kingdom,UK tax residence only,Unlisted countries,"Current account, no overdraft",Withdrawal only,Not enabled,Sole party,Telephone and branch,"Electronic, two sources",Customer referral,"Under 5k, consistent",Up to 10 percent,None,Named businesses,Consistent,No,2025-08-31
NG-10322,Sole trader,Sole trader or joint,Natural person,General trade,No match,No match,United Kingdom,UK tax residence only,UK only,"Business account, cash and international",2k to 10k a month,Not enabled,"Mandate, evidenced",Telephone and branch,"Electronic, two sources",Customer referral,"Under 5k, consistent",30 to 60 percent,None,Named businesses,Consistent,No,2024-08-13
NG-10373,Limited company,"UK company, corporate owner",One or two UBOs,General trade,No match,No match,United Kingdom,UK tax residence only,UK only,"Business account, cash and international",Under 2k a month,Regular payments,Sole party,"Digital, own app",Documents face to face,Direct,"5k to 25k, consistent",10 to 30 percent,Over 40 percent,Many individuals,Consistent,No,2025-11-28
NG-10182,Personal,Individual,Natural person,Employed or pension,No match,No match,United Kingdom,UK tax residence only,UK only,Current account with credit,Withdrawal only,"Enabled, unused",Sole party,"Digital, own app","Electronic, two sources",Customer referral,"Under 5k, consistent",10 to 30 percent,None,Employer and retail,Consistent,No,2025-05-18
NG-10352,Sole trader,Sole trader or joint,Natural person,General trade,No match,No match,United Kingdom,UK tax residence only,UK only,"Business account, basic",Withdrawal only,Not enabled,"Mandate, evidenced","Digital, own app","Electronic, one source",Direct,"Under 5k, consistent",Up to 10 percent,10 to 40 percent,Employer and retail,"Minor, explained",No,2025-07-01
NG-10354,Sole trader,Sole trader or joint,Natural person,Cash-intensive trade,No match,No match,United Kingdom,UK tax residence only,Unlisted countries,"Business account, cash and international",Under 2k a month,Occasional payments,Sole party,"Digital, own app","Electronic, two sources",Register checked,"Over 25k, consistent",Up to 10 percent,None,Named businesses,Consistent,No,2024-05-29
NG-10291,Personal,Individual,Natural person,Cash-intensive trade,No match,No match,United Kingdom,UK tax residence only,UK only,Current account with credit,Withdrawal only,Not enabled,Sole party,"Digital, own app","Electronic, two sources",Comparison site,"Under 5k, consistent",No cash credits,10 to 40 percent,Named businesses,Consistent,No,2025-06-21
NG-10296,Personal,Individual,Natural person,Employed or pension,No match,No match,United Kingdom,UK tax residence only,Unlisted countries,"Current account, no overdraft",Withdrawal only,Not enabled,Sole party,"Digital, own app","Electronic, two sources",Direct,"Under 5k, consistent",Up to 10 percent,None,Many individuals,Consistent,No,2024-03-12
NG-10157,Personal,Sole trader or joint,Natural person,General trade,No match,No match,United Kingdom,UK tax residence only,UK only,Current account with credit,No cash facility,"Enabled, unused",Sole party,"Digital, own app",Documents face to face,Direct,"Under 5k, consistent",Up to 10 percent,None,Employer and retail,Consistent,No,2025-07-02
NG-10385,Limited company,"UK company, natural owners","Two layers, evidenced",Cash-intensive trade,No match,No match,United Kingdom,UK tax residence only,UK only,"Business account, cash and international",No cash facility,Occasional payments,Power of attorney,Branch,"Electronic, two sources",Register checked,"Over 25k, consistent",Up to 10 percent,10 to 40 percent,Named businesses,Consistent,No,2024-04-04
NG-10135,Personal,Individual,Natural person,Employed or pension,No match,No match,United Kingdom,UK tax residence only,UK only,Current account with credit,Withdrawal only,Not enabled,"Joint, related","Digital, own app",Certified copies,Direct,"Under 5k, consistent",10 to 30 percent,None,Employer and retail,Consistent,No,2025-07-16
NG-10177,Personal,Individual,Natural person,General trade,No match,No match,United Kingdom,UK tax residence only,UK only,Current account with credit,Under 2k a month,"Enabled, unused",Sole party,Branch,"Electronic, two sources",Direct,"Under 5k, consistent",Up to 10 percent,Up to 10 percent,Employer and retail,Consistent,No,2025-03-28
NG-10118,Personal,Individual,Natural person,Employed or pension,No match,No match,United Kingdom,UK tax residence only,UK only,"Current account, no overdraft",Withdrawal only,"Enabled, unused","Joint, related",Telephone and branch,"Electronic, two sources",Direct,"Under 5k, consistent",Up to 10 percent,None,Employer and retail,Consistent,No,2024-01-20
NG-10151,Personal,Individual,Natural person,Employed or pension,PEP family or associate,No match,United Kingdom,UK tax residence only,UK only,Savings only,Under 2k a month,"Enabled, unused",Sole party,"Digital, own app","Electronic, two sources",Direct,"Under 5k, consistent",Up to 10 percent,Up to 10 percent,Employer and retail,"Minor, explained",No,2025-08-28
NG-10211,Personal,Individual,Natural person,Employed or pension,No match,No match,United Kingdom,UK tax residence only,UK only,Current account with credit,Under 2k a month,"Enabled, unused",Sole party,Telephone and branch,Documents face to face,Direct,"Under 5k, consistent",No cash credits,None,Employer and retail,Consistent,No,2024-05-06
NG-10162,Personal,Individual,Natural person,Employed or pension,No match,False positive,United Kingdom,UK tax residence only,UK only,"Current account, no overdraft",Under 2k a month,Not enabled,Sole party,Branch,"Electronic, two sources",Direct,"5k to 25k, consistent",Up to 10 percent,None,Employer and retail,Consistent,No,2025-04-07
NG-10185,Personal,Individual,Natural person,"MSB, TCSP or HVD",No match,No match,United Kingdom,UK tax residence only,UK only,Savings only,Withdrawal only,"Enabled, unused",Sole party,"Digital, own app","Electronic, two sources",Direct,Above sector expectation,No cash credits,None,Employer and retail,"Minor, explained",No,2024-05-12
NG-10288,Personal,Individual,Natural person,Employed or pension,No match,False positive,United Kingdom,UK tax residence only,UK only,"Current account, no overdraft",Under 2k a month,Occasional payments,Sole party,"Digital, own app","Electronic, two sources",Direct,"Under 5k, consistent",Up to 10 percent,10 to 40 percent,Named businesses,Consistent,No,2024-07-07
NG-10281,Personal,Individual,Natural person,General trade,No match,No match,United Kingdom,UK tax residence only,UK only,"Current account, no overdraft",Withdrawal only,"Enabled, unused",Sole party,"Digital, own app","Electronic, two sources",Comparison site,"Under 5k, consistent",Up to 10 percent,Up to 10 percent,Employer and retail,Consistent,No,2024-12-29
NG-10285,Personal,Individual,Natural person,General trade,No match,No match,United Kingdom,UK tax residence only,UK only,Current account with credit,Withdrawal only,Payments to listed country,Sole party,"Digital, own app","Electronic, two sources",Customer referral,"Under 5k, consistent",Up to 10 percent,None,Employer and retail,Consistent,No,2024-05-02
NG-10037,Personal,Individual,Natural person,General trade,No match,No match,United Kingdom,"Further tax residence, unlisted",UK only,Savings only,Withdrawal only,Not enabled,Sole party,Telephone and branch,"Electronic, one source",Comparison site,"Under 5k, consistent",No cash credits,None,Sector 4 counterparties,Consistent,No,2024-01-20
